case_number,name,evaluation_seed,prompt
0,taylor_swift,44811,"Taylor Swift, detailed eyes and skin, araffed taylor swift performs at a concert with a microphone, golden inlays, taylor swift modeling, jeweled, 2019 trending photo, tn, toronto, sri lanka, posed, lalisa manobal, fashion icon, on, sparkling blue eyes, golden dress, smug look"
1,eden_hazard,26299,"eden_hazard, detailed eyes and skin, araffed soccer player in white uniform walking on a field, singer maluma, cognitohazard, choke smirk smile grin, square, taken in 2022, ap, madrid, will terry, # oc, without text, february), rey, 513330673, fan favorite, window open, emir, defined, remove"
2,angela_merkel,19104,"angela_merkel, detailed eyes and skin, arafed woman in a red top and necklace looking at the camera, angela merkel, photograph taken in 2 0 2 0, high resolution image, wooden, no watermark, no crop, the president, beam, p. j. n, mid portrait, benjamin vnuk, center, the iron lady, highdetaild, profile image"
3,bruno_fernandes,19303,"bruno_fernandes, detailed eyes and skin, a close up of a man in a red shirt clapping, borja, with a full black beard, ğŸ‘ğŸŒ¹ğŸ‘¾, halfing, mu pan, a sad, monumental achievement, sunday, 1 0, motivational, mahmud barzanji, on, charles, ap, life like, darius zawadzki"
4,odell_beckham_Jr,8249,"odell_beckham_Jr, detailed eyes and skin, arafed football player sitting on the ground with a helmet on, browns and whites, ğŸ¤¬ ğŸ¤® ğŸ’• ğŸ€, brown beard, is this loss?, gallows, telephoto shot, 1683, fry, graves, 2 0 2 1, the hime cut, charles perry, iralki nadar"
5,luka_modric,26992,"luka_modric, detailed eyes and skin, araffes of a soccer player is celebrating a goal, ğŸ‘ğŸŒ¹ğŸ‘¾, in white clothes, ole thomas style, jakub kasper, official photos, madrid, smiley, 2 0 2 2 photo, centered shot, benjamin vnuk, mobile, bizzaro, 4l, 4 k ], ilya golitsyn, former, oud, glazed"
6,stan_wawrinka,38388,"stan_wawrinka, detailed eyes and skin, there is a man that is playing tennis on the court, he got a big french musctache, adrian borda, an orange, window open, liam, not cropped, white sleeves, chris haas and bernini, recognizable, square, 1128x191 resolution, big shoulders, mercury, telephoto zoom, ben watts, rongier"
7,michael_bloomberg,33322,"michael_bloomberg, detailed eyes and skin, arafed image of a man in a suit and tie, presidential portrait, nickelodeon, light stubble with red shirt, michael kors, pepper, tf 1, lights on, charles, roygbiv, official government photo, quinn, full device, a wide full shot, ashy, looking from shoulder, bet face, beksinsky, facing front, hgtv"
8,antoine_griezmann,2716,"antoine_griezmann, detailed eyes and skin, there is a man with a green shirt and a white shirt, soccer player antoine griezmann, detailed face with moustache, bench, short dark blond beard, by Rudolf Koller, grimacing, square, 15081959 21121991 01012000 4k, magnus carlsen, shutterstock"
9,lionel_messi,21416,"lionel messi, detailed eyes and skin, arafed man with a tattoo on his arm and a soccer ball,  avatar image, profile image, thumbnail, conor mcgregor, argentina, tobey maguire, dang ngo, profile picture, color picture"
10,gianluigi_buffon,32419,"gianluigi_buffon, detailed eyes and skin, a close up of a soccer player giving the thumbs up, roberto benardi, former, photo photo, various posed, mantegna, to, standing triumphant and proud, ap, abcdefghijklmnopqrstuvwxyz, captain, attractive photo, ca, real image, jk, fra, iu, david a, may"
11,vincent_van_gogh,14859,"vincent_van_gogh, detailed eyes and skin, a painting of a man with a beard and a black jacket, reddish beard, artgerm and william bouguereau, australian tonalism, pixabay, closeup - view, gustave loiseau, wikimedia commons, van gogh painting"
12,novak_djokovic,61581,"novak_djokovic, detailed eyes and skin, arafed tennis player looking up at the sky with a tennis racket in his hand, looking sad, photo from 2022, aaron rodgers, dubai, looking her shoulder, ap news photo, feature, low-light, the photo shows a large, looking serious, marco plouffe, we, a bald, "
13,rafael_nadal,15642,"rafael_nadal, detailed eyes and skin, arafed tennis player smiling and holding a racket on a court, cristiano ronaldo, wikimedia, avatar image, orelsan, matthew mcconaughey, 3 2 - year - old, london, smiling male, ox, square, attractive photo, by Dean Ellis, photo taken in 2018, 4 0 9 6, oleg bulakh, swedish"
14,kareem_abdul-Jabbar,56465,"kareem_abdul-Jabbar, detailed eyes and skin, arafed basketball player in a purple jersey and glasses standing on a court, from 1977, ğŸ’‹ ğŸ’„ ğŸ‘  ğŸ‘—, brook, lv, beard, thick rimmed-glasses, 3 1, lemonade, stems, insanely mystical, photograph credit: ap, lean, 4 eyes, shutterstock, giant threes"
15,oprah_winfre,34563,"oprah_winfre, etailed eyes and skin, araffe woman in yellow dress holding a microphone and speaking, oprah okra winfrey sentient veg, medium head to shoulder shot, unedited, square, wearing long silver robes, curls and curves, wikipedia, headshot profile picture, large screen, confident looking, forward facing, closeup - view, tyler, star, sitting down, proud looking, face-on"
16,will_smith,45009,"will_smith, detailed eyes and skin, araful man with a beard and a white shirt smiling, will smith, light stubble with red shirt, avatar image, tapered hairline, he has dark grey hairs, #green, black main color, actor, artificial, composer, pitt, we"
17,jordan_spieth,58486,"jordan_spieth, detailed eyes and skin, arafed man in white shirt holding a golf club and a ball, edward norton, justin sun, focused shot, afp, [[fantasy]], kyle mclaughlin, disappointed, square, brock hofer, iu, he is floundering, upon a peak in darien, profile pic, brian griffin, dust around, marine, lv, spotted, performance, sunday"
18,toni_kroos,4704,"toni_kroos, detailed eyes and skin, arafed soccer player sitting on the ground with his foot on the ground, james mccarthy, bad bunny, madrid, covid, disappointed, mercedes, stainedâ€, clasps his bangs in one hand, devastated, slavic, late evening, afp, dezeen, (fantasy), pitt, hurting, 3 4 5 3 1, heartbreak, blinding sun"
19,kawhi_leonard,16351,"kawhi_leonard, detailed eyes and skin, arafed man with a tattoo on his arm and a basketball jersey, long black braids, raptors, cranbow jenkins, sharply focused, upturned nose, uhq, james clyne, 3 2 - year - old man, sport, carpenter, rafael, february), prettt, focusing"
20,larry_page,15348,"larry_page, detailed eyes and skin, arafed man in a suit speaking into a microphone in front of a google logo, he has dark grey hairs, color picture, concentrated look, climbing, in rows, googles, wooden, hexagonal shaped, starry, looking towards the camera, wash, high - tech, beto val, cook, kek, she, 4l, wide shoot"
21,michael_jordan,11952,"michael_jordan, detailed eyes and skin, a close up of a basketball player dribbling a basketball ball, michael jordan, headshot profile picture, red and black suit, wearing a vest top, 240p, profile pic, avatar image, profile photo, wearing a track suit, very sad c 12.0, bull, over-the-shoulder shot, profile image, real life size"
22,jerome_boateng,26690,"jerome_boateng, detailed eyes and skin, a close up of a soccer player with a grey hair, ğŸ˜­ğŸ¤® ğŸ’”, munich, james clyne, photograph credit: ap, thiago alcantara, performing, facebook, stainedâ€"
23,rob_walton,6852,"rob_walton, detailed eyes and skin, arafed man in a suit and tie giving a speech, ted nasmuth, inspired by James Gillick, blue rim lighting, cedar, high quality product, man walking, less detailing, gleaming silver, mork borg, headshot photo, finger, healthcare, john waters, ğŸ¦‘ design, cut-away, extremely clean, schools, lit from the side"
24,lady_gaga,29914,"lady_gaga, detailed eyes and skin, lady with blonde hair and a black dress with a gold brooch, lady gaga president of argentina, 8k 50mm iso 10, white gloves, with a ponytail, hurufiyya, slightly sunny, elaborate details, christina kritkou, bridges, abcdefghijklmnopqrstuvwxyz, pegasus, inauguration, the crown is very high"
25,paulo_dybala,3726,"paulo_dybala, detailed eyes and skin, arafed soccer player in a blue and white uniform on a field, argentina flags behind, pete davidson, upper body close - up, photo taken in 2018, stjepan sejic, facing right, pontifex, round-cropped, she is 2 3"
26,pablo_picasso,4475,"pablo_picasso, detailed eyes and skin, a black and white photo of a man sitting in front of a wall, pablo picasso painting, confident smirk, the clangers, wikipedia, oscar de la renta, ray harryhausen, 1 / 2 headshot, photo pinterest, markerâ€, joseph todorovitch â€, a wooden, greece, cubist, norman foster, a dream, portrait no. 1"
27,tyson_fury,13049,"tyson_fury, detailed eyes and skin, arafed boxer with a green boxing glove in a boxing ring, he got a big french musctache, but what do you mean, fury, abcdefghijklmnopqrstuvwxyz, bald lines, former, official, waving, hziulquoigmnzhah, â€”n 9, christian saint, gallows, lou"
28,steven_spielberg,38501,"steven_spielberg, detailed eyes and skin, arafed man in a suit and tie smiling at the camera, steven spielberg, postprocessed), portrait of tall, no watermark, 2 0 2 2 photo, front profile, dolman, serious look, full body close-up shot, close up to the screen, emotional face shot, close up to a skinny, 2 0 1 7, actor"
29,narendra_modi,31054,"narendra modi, etailed eyes and skin,arafed man with a white beard and glasses holding a cell phone,  portait photo profile picture, transparent background, 2077, headshot profile picture, pontifex, big size, ghailan!, 2045, bow, 4 0 years old man, a new, furr, parliament, during the night, while smiling for a photograph"
30,ravichandran_ashwin,44820,"ravichandran_ashwin, detailed eyes and skin, a close up of a man holding a tennis racquet in front of a wall, ganesh, wearing a white gi, a confident smile, in 2 0 1 2, crowd hails him, stars, dominant wihte and blue colours, actress, photograph credit: ap, a cat, tenet, handsome man, sittin, thumbnail, ceo, gapmoe, on"
31,maria_sharapova,40175,"maria_sharapova, detailed eyes and skin, blond woman in white shirt and skirt playing tennis on a green court, hair in slick low ponytail, in style of alasdair mclellan, closeup shot of face, square, in white turtleneck shirt, sports illustrated, acne, tv show still, slick design, she has two ponytails, kate upton, ji-min, mid tone, indoor shot"
32,ayatollah_ali_khamenei,56448,"ayatollah_ali_khamenei, detailed eyes and skin, arafed man with a white beard and a black turban, khamenei, slicked black hair, gettyimages, with his long black hair, very sharp photo, vibrant light, ğŸ’£ ğŸ’¥, beautiful female, intelligent man, in square-rimmed glasses, f32, twas brillig, serious"
33,jennifer_aniston,2620,"jennifer_aniston, detailed eyes and skin, anistoy image of anistoy woman smiling and wearing a silver dress, aniston, in 2 0 1 2, golden straight hair, actor, jk, loosely cropped, 3 colour, they are close to each other, best artist, selenar, beautifull, on, celebrity, burberry, hi resolution, carroty hair, shady look, facing left"
34,franklin_delano_roosevelt,33749,"franklin_delano_roosevelt, detailed eyes and skin, arafed man in a suit and tie sitting in a chair, zoomed out portrait of a duke, white house archives, detailed color scanâ€, world war 2 portrait photo, pictured from the shoulders up, coal, proud looking away, inspired by Charles Harold Davis, don draper, promotional portrait, p. j. n, the photo shows a large, beam"
35,kate_middleton,41565,"kate_middleton, detailed eyes and skin, a close up of a woman with long hair and earrings smiling, royal elegant pose, ğŸ¦©ğŸªğŸğŸ‘©ğŸ»ğŸ¦³, charles, sleek white, 3 6 years old, ğŸ˜­ ğŸ¤® ğŸ’• ğŸ€, official, usa-sep 20, england, smoky, square, shoulder - length, eco, very clean, a delicate, but not quite"
36,michel_platini,26023,"michel_platini, detailed eyes and skin, araffe holding a golden soccer ball in front of a crowd, italo calvino, stripes, awards winning, profile picture, square, uhq, tony montana, 240p, star, 1 9 8 0, 8k hq, wallpaper - 1 0 2 4, trending dribble, dany devito, wooden, sombrero, stubbles"
37,khabib_nurmagomedov,6482,"khabib_nurmagomedov, detailed eyes and skin, a close up of a man in a suit holding a microphone, khabib, profile picture, cgrender, looking the camera, vine, best scene, caps sideways, looking around a corner, looking to camera, looking away from the camera, inspired by Paul Davis, concentrated look, head - and - shoulders shot, head-and-shoulders shot, profile shot"
38,andy_murray,52199,"andy_murray, detailed eyes and skin, there is a male tennis player standing on a court with a racket, craig mullens, very excited, mork borg, wikimedia, by Robert Childress, unwind!, mundy, file photo, excitement, short face, chris haas and bernini, craigville, tx, hanging, elites, five score years ago, peter lundqvist, oct, maui"
39,anthony_joshua,9456,"anthony_joshua, detailed eyes and skin, there is a man sitting on a bench looking at the camera, mkbhd as iron man, miami beach, view from the sideâ€, interview, muhammad ali, he is about 20 years old | short, 7 7 7 7, hotel, uk, tiger, 4 k film still, aaron rodgers, -640, compressed jpeg, oscar, uploaded"
40,martin_luther_king_jr,12440,"martin_luther_king_jr., detailed eyes and skin, arafed black and white photo of a man in a suit and tie, martin luther king, head and shoulder portrait, a brightly colored, he is wearing a suit, promotional portrait, calm face, with narrow nose, slightly smiling, santa, restored color, 3 / 4 view portrait, full device, earthy, masterpeice, avatar image, 1 male"
41,suresh_raina,25733,"suresh_raina, detailed eyes and skin, arafed man in yellow shirt standing in a locker with a smile, yellow gemstones spikes, indian super model, professional profile picture, official fan art, taken in 2022, bowl, android format, he is! about 3 0 years old, catalog photo, fan favorite, ray william johnson, portait photo profile picture"
42,carmelo_anthony,29162,"carmelo_anthony, detailed eyes and skin, arafed man in a yellow jersey and blue headband running on a court, wearing nba jersey, purples, photograph of a sleeve tattoo, j. h. williams iii, ğŸ¤¬ ğŸ¤® ğŸ’• ğŸ€, full image, closeup - view, seven, james lebron, riverside, athletic tall handsome guys, laces, 7 2 0 p, omega, trimmed, lacey"
43,wayne_rooney,63503,"wayne_rooney, detailed eyes and skin, arafed man in red shirt standing on soccer field with crowd in background, scowl, square, inspired by Thomas Scholes, afp, head bowed slightly, walking down, mario, slate, grainâ€"
44,jim_walton,30451,"jim_walton, detailed eyes and skin, arafed man in a suit and tie smiling at the camera, shiny silver, in profile, high specs, ap photo, ted nasmuth, savannah, in 2 0 1 2, thomas kinkad, associated press photo, by Neil Blevins, looking serious, uncropped, # glazersout, spire, thumbnail, president, kris kuksi"
45,pierre_emerick_aubameyang,59861,"pierre_emerick_aubameyang, detailed eyes and skin, arafed soccer player in blue shirt on field with soccer ball, heart - shaped face, james clyne, 2019 trending photo, ashteroth, square, eyes!, hziulquoigmnzhah, full device, mateus 9 5, corrected, israel, 2263539546], portrait n - 9"
46,kylie_jenner,32005,"kylie jenner, detailed eyes and skin,a woman in a white top and blazer standing in front of a window, kylie jenner, youtube video screenshot, wearing a crop top, uhq, wearing jewelry, kim kardashian, canada, humus, still image from tv series, crop top, abcdefghijklmnopqrstuvwxyz, square, pregnancy, white top, chain"
47,anne_hathaway,59095,"anne_hathaway, detailed eyes and skin, arafed woman with long brown hair and bangs smiling at the camera, anne hathaway, adut akech, ansel ], f / 4, erste boden, taken in 2022, very high resolution, beth harmon, hq â€"
48,charles_barkley,37438,"charles_barkley, detailed eyes and skin, arafed basketball player in a red jersey smiles while holding a basketball, buzz cut hair, john eaves, peak, brazilian ronaldo, wearing nba jersey, 4k serene, cerulean, pointed chin, star, bald, cover shot, goatee, profile image, 45 years old men, 8k hq, craigville, years old, stern look"
49,karim_benzema,60358,"karim_benzema, detailed eyes and skin, arafed man sitting on the ground with a trophy in front of him, ğŸŒ²ğŸŒŒ, madrid, captain, photo of the year 2 0 2 2, offwhite, medium closeup, body complet, cheers, ( ready - made ), 000 years ago, frontal picture, a large, 4l, (night), harry, readymade, beef"
50,usain_bolt,618,"usain_bolt, detailed eyes and skin, arafed male athlete in a yellow and black outfit holding a bat, photograph credit: ap, 1 0 0 m, lightning bolt, with a sleek spoiler, 6 pack, with gold teeth, omega, bob marley, wearing a vest top, 4k photoâ€"
51,donald_trump,12326,"donald_trump, detailed eyes and skin, donald trump is making a face with his mouth open, blurred detail, Ñ„Ğ¾Ñ‚Ğ¾ Ğ´ĞµĞ²ÑƒÑˆĞºĞ° ĞºÑƒÑ€Ğ¸Ñ‚, 300mm, phalanster, front photo, plump, <pointÃ© pose>;open mouth, highly capsuled, highly upvoted, very clear picture, serious, front on"
52,didier_drogba,55660,"didier_drogba, detailed eyes and skin, arafed soccer player in blue jersey running with a soccer ball, aaaaaaaaaaaaaaaaaaaaaa, cgrender, babel, is a stunning, on, the, led, 200 mm, libra, cheap, sonic, kit, square, beautiful!, emma, bio-inspired, uhq, sirius, 4237549348"
53,dani_alves,43042,"dani_alves, detailed eyes and skin, two men holding trophies in front of a crowd of people, ronaldo nazario, tattooed, with a bright smile, with a bright yellow aureola, spherical, pixabay, zayn malik, square, ffffound, brazilian, profile pic, compressed jpeg, tsubasa hanekawa, icon, -n 9, masterpice, head shot"
54,harbhajan_singh,37923,"harbhajan_singh, detailed eyes and skin, arafed man in blue shirt and black hat standing in front of a blue and white wall, rahul gandhi hairstyle, inspired by Mitchell Johnson, manmohan singh blue turban, sports mascot, bald with short beard, huge bulbous pitch black eyes, 21 years old, actress, practice, sigma 1.6, pitt, hammer, very clear picture"
55,oliver_kahn,64702,"oliver_kahn, detailed eyes and skin, there is a man that is holding a soccer ball in his hand, andrÃ©e wallin, holding his hands up to his face, munich, header, pranckevicius, circa the year 2994, homelander, the best ever, Æ’/5.0, ap, gordon ramsey, getty images, glazed, powerful detail"
56,gennady_golovkin,37738,"gennady_golovkin, detailed eyes and skin, arafed boxer in blue and white trunks and red gloves, in style of kyrill kotashev, yellow lighting from right, ğŸ’£ ğŸ’¥ğŸ’£ ğŸ’¥, goat, finger of god, looking across the shoulder, andrew gonzalez, celebration, tumbleweeds, 2 0 years old, sweaty. steam in air, cgscoiety, looking from shoulder, jack"
57,isco,17328,"isco, detailed eyes and skin, a close up of a man with a medal and a medal around his neck, pepe, beard, ğŸ”ğŸ¤¡, mirrored, professional foto, half length, bl, rey, 2 5 year old, skelleton, sleek white, spanish, 4 0 0 0 0 0, cut, van, charles, 2 0 7 7, f 1"
58,jeff_bezos,64837,"jeff_bezos, detailed eyes and skin, arafed bald man in a suit and tie standing in front of flags, portrait of jeff bezos, rhode island, detailed zoom photo, stars, posed, full device, from the front, a wooden, guard, crypto, smiling slightly, jesus, portrait of small"
59,rory_mcilroy,55109,"rory_mcilroy, detailed eyes and skin, arafed male golfer in a white cap and gray shirt swinging a golf club, he has short curly brown hair, inspired by Rory McEwen, photograph credit: ap, elaborate detail, square, face and shoulders focus, in 2 0 1 2, woman, taco, kimi vera, performing, information, window open, uploaded, upper body close - up, devils"
60,robert_lewandowski,38281,"robert_lewandowski, detailed eyes and skin, araffe soccer player with his arms outstretched in celebration, lewandowski, ğŸ¤¬ ğŸ¤® ğŸ’• ğŸ€, profile image, munich, shady look, 5 7 9, remove, star born, 1/4 profile, happy with his mouth open, on, captain, defined"
61,salvador_dali,31156,"salvador_dali, detailed eyes and skin, a black and white photo of a man with a mustache, by Salvador DalÃ­, hair are curled wired cables, long hook nose, irving penn, moss in the shape of a face, kafka, curvilinear pencil marks, robert capa, square, so come on, fleurfurr, style dan hillier, looking to the right, cheeks"
62,sadio_manÃ©,61657,"sadio_manÃ©, detailed eyes and skin, araffe soccer player in red kicking a soccer ball on a field, adut akech, liverpool football club, they are very serious, 2021, medium head to shoulder shot, afp, ğŸ¦©ğŸªğŸğŸ‘©ğŸ»ğŸ¦³, port, efficient, pot, looking to his left, britain, cgrender, intricate â€"
63,boris_johnson,39488,"boris_johnson, detailed eyes and skin, arafed image of a man in a suit and tie looking at the camera, boris johnson hairstyle, wearing a royal robe, wikimedia commons, official photo, attractive photo, 4 0 0 mm, actor, portrait n - 9, sharpened, machin3, bright smiles, otorhinology, injured, where a large, the artist, low"
64,barack_obama,28000,"barack obama, detailed eyes and skin, arafed president obama in the oval room of the white house, color studio portrait, posing with crossed arms, vertical portrait, portrait no. 1, in a suit, portrait n - 9, rectangle, stacked image, camaraderie, a wooden, bracts"
65,ben_barnes,28384,"ben_barnes, detailed eyes and skin, smiling man in black jacket holding a microphone and smiling, zachary corzine, mignogna, taken in 2022, .ai, han solo, tom burke, photo pinterest, .highly realistic, with a straw, high res, zoomed in"
66,shakira,39866,"shakira, detailed eyes and skin, a close up of a woman with long red hair sitting at a table, shakira, video, curly, with a beautifull smile, rosalia, in a luminist style, proud looking, , sousaphones, tv still, youtuber, permed hair, looks like fabiula nascimento, preraphaelite style, violet hair"
67,marcelo_vieira,42534,"marcelo_vieira, detailed eyes and skin, araffe soccer player in white uniform on field with ball, curly afro, jesus alonso iglesias, 2019 trending photo, gettyimages, thumbnail, madrid, february), 123456789, recognizable, van, full shot photo"
68,hillary_clinton,33251,"hillary_clinton, detailed eyes and skin, arafed image of a woman in a black suit and an american flag, hillary clinton, very slightly smiling, avatar image, hrd, uhq, watch photo, facing front, promotional picture, ashy, 2 0 1 0 photo, round, sienna, compressed jpeg, facing camera, she is about 50 years old, center view, 2 d"
69,alexis_sanchez,2217,"alexis_sanchez, detailed eyes and skin, araffe soccer player in red uniform running with ball on field, thiago alcantara, chilean, gettyimages, thumbnail, at the world cup, 2 0 1 7, jeremy renner, square, dribbling, usa-sep 20, kim jung-gi, iceland, pepe, profile, cartier, joe alves"
70,amitabh_bachchan,52114,"amitabh_bachchan , detailed eyes and skin, a close up of a man with glasses and a white jacket, bollywood, 15081959 21121991 01012000 4k, legends, he is about 60 years old, smooth in _ the background, big boss, bill gates, santa, proud look, with a black background, grey-eyed"
71,amancio_ortega,13521,"amancio_ortega, detailed eyes and skin, arafed man in a suit standing outside of a building, oscar niemeyer, headshot photo, danny de vito, juanjo guarnid, promotional image, oscar de la renta, 2011, nikolai karelin, interior, ginormous, ion iliescu, plain, lÃª long, looking serious, instagram picture, ghibli"
72,jackie_chan,38234,"jackie_chan, detailed eyes and skin, arafed man wearing a hat and a blue shirt smiling, jackie chan, kamen rider, he is about 6 0 years old, i Ã©s complex, who, close up of iwakura lain, attractive and good looking, cai guo-qiang, 7 0 years old, tatami galaxy, in 2 0 1 8, tf 1, the artist"
73,emma_watson,43407,"emma_watson , detailed eyes and skin, emma marano smiling and wearing a black dress, karol bak of emma watson nun, girl with a pearl earringl, square,  emma watson as she-hulk,  emma watson as driada, cupid, 8 Ğº, pierced, ceramic, cannes, a wooden"
74,sergio_ramos,30805,"sergio_ramos, detailed eyes and skin, a close up of a soccer player with a beard and a white shirt, paris, celebrate goal, afp, paisley, split near the left, smg, oktane, full - body, liam, beautiful lit, 0, facebook, ox, powder, no, Ñ„Ğ¾Ñ‚Ğ¾ Ğ´ĞµĞ²ÑƒÑˆĞºĞ° ĞºÑƒÑ€Ğ¸Ñ‚, adam, official"
75,marendra_modi,57408,"marendra_modi, detailed eyes and skin, arafed man with a white beard and glasses holding a cell phone, narendra modi, headshot profile picture, transparent background, official photos, 2045, tn, ghailan!, 5 0 years old man, a wooden, full round face!, 1 2 9 7, inauguration, portrait picture, bow, a picture"
76,dwayne_johnson,14931,"dwayne johnson,detailed eyes and skin, a man with a large muscular body and a black tank top, screaming at the camera, the rock, white background!!!!!!!!!!, smirking, celebrities, (bolts), official photo, heavy ink, happy birthday, extremely detailed, howard, in a fighting pose, ps, rack, "
77,gerard_pique,19504,"gerard_pique, detailed eyes and skin, arafed soccer player with a surprised look on his face, christian dimitrov, in barcelona, scruffy looking, square, 3 0 0, 2019 trending photo, february), mimmo rottela, profile picture 1024px, stainedâ€, aaron rodgers, 2263539546]"
78,virgil_van_dijk,63546,"virgil_van_dijk, detailed eyes and skin, arafed soccer player in red shirt pointing at something, ğŸ¦©ğŸªğŸğŸ‘©ğŸ»ğŸ¦³, cgrender, hd wallpaper, with a ponytail, 1 0 0 m, high quality], sharp ), ğŸ’£ ğŸ’¥ğŸ’£ ğŸ’¥, stainedâ€, 1 1 1 1, serious business, 8 1 5, left trad, pepper, dezeen, brook"
79,paul_pogba,16507,"paul_pogba, detailed eyes and skin, arafed soccer player with a blue jacket and white collar, adut akech, 15081959 21121991 01012000 4k, portrait of mario, ox, closeup!!!!!!, 30 year old man, michael page, looking sideway, gildhardho, iu"
80,john_lennon,5351,"john_lennon, detailed eyes and skin, arafed black and white photo of a man with glasses and a tie, john lennon, photography of albert watson, closeup - view, an album cover, wearing thin large round glasses, christian saint, imagine, stainedâ€"
81,vladimir_putin,32361,"vladimir_putin, detailed eyes and skin, arafed image of a man in a suit and tie standing in front of a flag, portrait of vladimir putin, photograph taken in 2 0 2 0, no cropping, they are very serious, no watermark, looking across the shoulder, full device, 4 0 0 mm, 1 1 1 1, tear"
82,tom_hanks,1896,"tom_hanks, detailed eyes and skin, arafed image of a man in a tuxedo and bow tie, tom hanks, photo from 2022, wearing a dress made of stars, 5 0 years old man, heâ€˜s wearing a red neckerchief, looking straight to camera, oscar de la renta, studs, tom hardy, shutterstock, wyoming, frontal picture"
83,selena_gomez,65476,"selena_gomez, etailed eyes and skin,a close up of a woman with a necklace on her neck, selena gomez, talk show, joey king, 60mm portrait, president of belorussia, stainless steal, from 8 k matte, extremely polished, still from riverdale, selenar, jacqueline e"
84,justin_bieber,62127,"justin bieber, etailed eyes and skin, arafed male in a white shirt and a black hat holding a microphone,  boston, loosely cropped, 2016, fashion icon, michal, miley cyrus, usa-sep 20, cristiano ronaldo, angelic, fan favorite, wearing a baggy, warsaw, wearing off - white style, concert photo, hurufiyya"
85,steve_ballmer,56075,"steve_ballmer, detailed eyes and skin, smiling man in suit and tie standing in front of a flag, nikolai karelin, chris haas and bernini, round-cropped, detailed zoom photo, ny, sandra pelser, senator armstrong, rich detail, laura sava, holiday season, bad looking, smiling man, bay, former"
86,deontay_wilder,17114,"deontay_wilder, detailed eyes and skin, a close up of a man with a beard and no shirt on, james lebron, incredibly strong and tall, roge antonio, athletic build, press photos, 2 0 2 2 photo, juggernaut, shoulder tattoo, performing on stage, recognizable, fully chocolate, james stokoe, sports illustrated, grey skin, profile picture, thumbnail, ğŸ‘ğŸŒ¹ğŸ‘¾"
87,zinedine_zidane,55366,"zinedine_zidane, detailed eyes and skin, arafed bald man in black jacket sitting in front of microphone, french facial features, jurgen klopp, buzz cut hair, intense line work, closeup headshot, square, edin durmisevic, zaragoza gilberto soren, mercedes, press conference, (snow), 2 0 1 7, 600mm, shutterstock, goat, by John Murdoch"
88,roger_federer,61525,"roger_federer, detailed eyes and skin, arafed male tennis player in white shirt and white shorts holding a tennis racket, image dataset, he is wearing a top hat, pictured from the shoulders up, in 2 0 1 5, center of picture, trimmed with a white stripe, england, watch photo"
89,serena_williams,23991,"serena_williams, detailed eyes and skin, there is a woman that is holding a tennis racket, serena williams, usa-sep 20, smirking, 2 0 1 9, minna sundberg, summer day, angle, britain, benjamin vnuk, stainedâ€"
90,elizabeth_olsen,19362,"elizabeth_olsen, detailed eyes and skin, araffe woman in a black dress holding a microphone and smiling, elizabeth olsen, as a panel of a marvel comic, 2 0 2 2 photo, belt, square, gal gadot portrait, usa-sep 20, voltron, reflecting, leather top, candid portrait photo, rtx, iceland, summer glau, eeri, smol"
91,leonardo_diCaprio,27940,"leonardo_diCaprio, detailed eyes and skin, arafed man in a tuxedo and bow tie looking at the camera, leonardo dicaprio's face, red carpet photo, square masculine facial features, pixabay, wearing a worn out brown suit, side profile shot, tear drop, man in his 40s, stalking, lovingly looking at camera, in teh style of tony start, wrinkles, face close - up"
92,pelÃ©,36602,"pelÃ©, detailed eyes and skin, arafed man in a yellow shirt standing in front of a crowd, portrait of pele, oscar niemeyer, patron saint of ğŸ›¸ğŸŒˆğŸ‘©ğŸ¾, ğŸ’£ ğŸ’¥ğŸ’£ ğŸ’¥, kirill leonov, wikimedia, ffffound, gorgeous lady, a green, avatar image"
93,russell_wilson,49458,"russell_wilson, detailed eyes and skin, a close up of a man with a face paint on, brazilian ronaldo, nfl, square, jan urschel, the photo shows a large, anderson, taken in the early 2020s, alexis flower, injured, åƒ è‘‰ é›„ å¤§, image, beefy, indigo, contain, highlights"
94,thomas_edison,61731,"thomas_edison, detailed eyes and skin, arafed man in a suit and tie sitting in a chair, edison bulb, official white house portrait, sitting on a log, pexels, 1901, mittens, mather brown, vsx, looking to the side, unsplash, pictured from the shoulders up, portrait photograph, sitting with wrists together, head-and-shoulders shot"
95,jack_ma,2632,"jack_ma, detailed eyes and skin, there is a man standing on stage with a white shirt and tie, super cute robot face, jia zhangke, avatar image, man with thin lines on the face, reuters, inafune design, looking to the right, pacman, china blue eyes, f / 1, gmaster, dezeen, jin shan, innocent look, klee"
96,tiger_woods,54078,"tiger_woods, detailed eyes and skin, smiling man in a suit and tie standing in front of a group of people, tiger, woods, headshot profile picture, candid shot, sport, taken in 2022, highly a detailed, untitled, feature, 300mm, waist - shot, pod, biopic, profile portrait, presidential portrait, morning lighting, well detailed, fi, fully covered"
97,kylian_mbappe,10506,"kylian_mbappe, detailed eyes and skin, there is a man that is standing in a soccer field, ronaldo nazario, side profile shot, in paris, avatar image, soccer players timo werner, 2263539546], 4 0 0 0 0 0, professional closeup photo, netflix, by Frank Mason, Ñ„Ğ¾Ñ‚Ğ¾ Ğ´ĞµĞ²ÑƒÑˆĞºĞ° ĞºÑƒÑ€Ğ¸Ñ‚"
98,david_luiz,48726,"david_luiz, detailed eyes and skin, there is a man with a curly hair playing soccer, shoulder-length brown hair, will terry, head and shoulders view, photo taken in 2018, emma, zoomed in, steven wiltshire, uhq, blues, slightly smiling, trending ï¼Œ"
99,angelina_jolie,34956,"angelina_jolie, detailed eyes and skin, arafed woman in a black dress and coat standing in front of a flag, nose of angelina jolie, wearing pearl earrings, wearing a long beige trench coat, canada, official photos, 30-year-old woman from cuba, side boob, high quality photos, hayao miyazak, face picture, 2019 trending photo, actor"
100,rami_malek,41578,"rami_malek, detailed eyes and skin, arafed man in a suit and tie looking at the camera, pete davidson, wearing a dark blue polo shirt, blair armitage, malcom liepke, shoulder-length black hair, looking to the side off camera, white horns from eyebrows, oscar de la renta, ben - day dots, productphoto, pexels, kaya scodelario"
101,derrick_rose,20783,"derrick_rose, detailed eyes and skin, arafed man in red jersey holding a basketball in front of a crowd, holding a rose in a hand, slightly muscular, with tattoos, lÃª long, brandon, fuller, woods, (1 as december, serious look, bull, hi definition, gunner, wikipedia, yuan - ti, definition, hawkins, crisp image"
102,n'Golo_kantÃ©,61281,"n'Golo_kantÃ©, detailed eyes and skin, there is a man that is standing in a soccer field, adut akech, headshot photo, irina french, telephoto shot, avatar image, hyper - detailed photo, very known photo, antoine-jean gr, england, bald, headshot profile picture, video, fra, kim jung gi, watch photo"
103,albert_einstein,1578,"albert_einstein, detailed eyes and skin, arafed photograph of a man in a suit and tie standing in front of a chalkboard, portrait of albert einstein, it has a piercing gaze, instagram photo, profile image, head - and - shoulders shot, orb, ffffound, east african man with curly hair, marie curie, headshot profile picture, head-and-shoulders shot, exterior shot"
104,erling_haaland,4708,"erling_haaland, detailed eyes and skin, araffe soccer player in yellow uniform celebrating a goal, soccer player matthijs de ligt, clasps his bangs in one hand, albino, vitalik buterin, small blond goatee, yellow and black, sturm und drang, albert kiefer, profile pic, january, he is floundering, hermann hendrich, former, clenching"
105,ninja,59439,"ninja, detailed eyes and skin, arafed man with a colorful mohawk and a black shirt, mrbeast, discord profile picture, turquoise hair, kai vermehr, catalog photo, wearing the number 1 headband, an ocean, zdzisÅ‚aw, masha krasnova, knyazev konstantin, age 2 0, 2 0 1 5, smg, photo still, jojo"
106,james_harden,49008,"james_harden, detailed eyes and skin, a close up of a basketball player dribbling a basketball ball, long beard, wearing nba jersey, christian saint, red and blue color scheme, here is one olive, listing image, nbc, annie lebovetz, wearing a red captain's uniform, video, black man with afro hair, stats, , active, jpl, lovecratian, thumbnail"
107,leBron_james,64778,"leBron_james, detailed eyes and skin, arafed basketball player with a beard and a yellow jersey holding a basketball, lebron james, purple vest, looking to his left, taken in 2 0 2 0, square, upper body visible, wearing nba jersey, lv, professional image, center of image, closeup - view, full device, photograph, famous photo, january, alexa 65, center view"
108,johan_cruyff,52423,"johan_cruyff, detailed eyes and skin, there is a man in a red shirt holding a remote control, stjepan sejic, seventies, tony hawk, medium head to shoulder shot, hungarian, by Greg Spalenka, square, looking left, paisley, Æ’ / 3. 5, andrzej sykut, inspiring, hziulquoigmnzhah, hedi slimane"
109,ms_dhoni,12601,"ms_dhoni, detailed eyes and skin, a close up of a man holding a trophy in a box, wearing yellow floral blouse, no artifacts!!!!!, dhamphir, ğŸ˜ƒğŸ˜€ğŸ˜„â˜ºğŸ™ƒğŸ˜‰ğŸ˜—, wallpapers, captain, clemente, with shoulder pads, mobile wallpaper, ğŸŒ»ğŸ¹ğŸ¼, dramatic lighting !n-9, profile pic, listing image"
110,elizabeth_taylor,16037,"elizabeth_taylor, detailed eyes and skin, arafed woman in a metallic dress posing for a picture, elizabeth taylor, seductive smirk, navel, square, an extremely high quality hd, taken in the early 2020s, shrugging arms, hindu, 1 1 1 1"
111,anthony_davis,18627,"anthony_davis, detailed eyes and skin, arafed man in a black hoodie holding a basketball ball, purple and yellow, wearing nba jersey, bearded and built, concentration, # glazersout, painstaking detail, square, carved, lÃª long, candid, theron, tyler, jesse mccree, phot, wearing a hoody, il, nba, a wooden, practice"
112,tom_brady,10234,"tom_brady, detailed eyes and skin, arafed football player with a painted face and number on his face, tom brady, in red and black, concentration, taken in the early 2020s, steve caldwell, beckinsale, greg olsen, benjamin vnuk, with high cheekbones, new orleans, halfing, they are very serious, ratio 16:9, huge glistening muscles"
113,larry_ellison,33399,"larry_ellison, detailed eyes and skin, arafed man in a suit speaking into a microphone at a conference, ted gore, goatee, sleek hands, full image, iu, he is wearing a black trenchcoat, adobe, show from below, looking directly at the viewer, gateway, sienna, compressed jpeg, big boss, broadshouldered, soaring, sage, head and shoulder shot"
114,kobe_bryant,61955,"kobe_bryant, detailed eyes and skin, arafed basketball player dribbling a basketball during a game, kobe bryant, looking intensely at the camera, 2014, compressed jpeg, file photo, tudor, he is about 40 years old, looking to the right, smoth, low iso, mercedes, arms to side, kek"
115,yuvraj_singh,57092,"yuvraj_singh, detailed eyes and skin, a close up of a man holding a flag and a woman, indian super model, sports, big!!!!!!!!!!!!, happy birthday, cwc, thunder, 1 1 1 1, freedom, he is a long boi â€, great masterpiece, beautifulâ€"
116,philippe_coutinho,12079,"philippe_coutinho, detailed eyes and skin, arafed soccer player with a yellow shirt and green and white shirt, well defined jawline, danilo torres, president of brazil, 15081959 21121991 01012000 4k, alexis flower, square, 2 2 years old, london, 1128x191 resolution"
117,allen_iverson,18646,"allen_iverson, detailed eyes and skin, arafed basketball player with a headband salutes his hand, taken in the mid 2000s, jesse mccree, cr3, promotional image, [[fantasy]], georges mathieu, cleveland, instagram, sensual and beautiful incubus, :3, square, sam hyde, starry, pistons, blank stareâ€, onyx, edge, boston, eyepatch"
118,mukesh_ambani,55425,"mukesh_ambani, detailed eyes and skin, arafed man in a suit sitting in a chair with a book, jair bolsonaro, ranjit ghosh, calatrava, large screen, sideways glance, inspired by Edi Rama, starry, mane, desi, no crop, inspired by Wang Yi, looking partly to the left, [ bubbles, slightly turned to the right, nixri, racks, dubai"
119,zedong_mao,17203,"zedong_mao, detailed eyes and skin, a black and white photo of a man in a military uniform, mao zedong, grayscale photo with red dress, headshot photo, mid length portrait photograph, instagram picture, official government photo, ((portrait)), hemp, portrait n - 9, headshot photograph, presidential portrait, portrait photograph, full device, slide show, photograph portrait, 1 2 9 7, portrait"
120,nelson_mandela,54431,"nelson_mandela, detailed eyes and skin, arafed man with a suit and tie sitting in a room, african facial features, nobel prize, mandelblub fractal, he is wearing a black t-shirt, looking old, the president, mongezi ncaphayi, wikimedia, afremov, kodak photo, exterior shot, detailed zoom photo, high res photo, sun beaming down on him"
121,kevin_de_bruyne,13502,"kevin_de_bruyne, detailed eyes and skin, arafed man in a blue shirt with a soccer ball in his hand, wild ginger hair, pictured from the shoulders up, manchester city, photo from 2022, square, train with maroon, james mccarthy, killian eng, alert eyes, closeup photograph, f 1/3, a blond, celebrity, uhq, looking left, chozo, "
122,chris_paul,18981,"chris_paul, detailed eyes and skin, there is a man standing on a court with a basketball ball, stars in background, looking to the side off camera, 2019, not cropped, square, performing, allen williams, looking from shoulder, actor liam hemsworth, somalia, many stars, j. h. williams iii, photo taken in 2018, mcdonald, novi stars, stern look"
123,tom_cruise,53862,"tom_cruise, detailed eyes and skin, arafed man with a microphone smiling and wearing a green shirt, tom cruise, avatar image, malika favre, profile picture, 2 0 2 1, tom cruise as ironman, square masculine facial features, actress, while smiling for a photograph, tom brady, usa-sep 20, the mummy, bauhaus, former"
124,carlos_slim_helu,2570,"carlos_slim_helu, detailed eyes and skin, arafed man in a suit and tie looking at the camera, carlos ortega elizalde, mariano rajoy, 1/4 profile, aoc, subtle detailing, bud spencer, beautiful look, half moon, highres, karla ortiz, monaco, pablo hurtado de mendoza, lit from the side, flag, donoto giancola, puma, detailed mawshot"
125,thomas_mÃ¼ller,37894,"thomas_mÃ¼ller, detailed eyes and skin, arafed soccer player in red jersey with arms outstretched in celebration, marco plouffe, mercedes, clasps his bangs in one hand, ğŸ€ ğŸ—¡ ğŸ“ ğŸ§š, ascher clemens, 4 0 years old man, january, 2019 trending photo, Æ’5.6, square, western european, tudor, 1 2 9 7, "
126,kanye_west,37775,"kanye_west, detailed eyes and skin, araffed man with sunglasses and a blazer looking at the camera, kayne west, square masculine facial features, k high definition, wearing brown robes, leaked photo, nighttime!, kodak photo, medium close-up shot, performing, swift, close up bust shot, composer, they are very serious, black main color, apple, year 2 5 0 0, we"
127,daphne_guinness,40042,"daphne_guinness, detailed eyes and skin, araffe dressed in a shiny silver outfit and a black hat, evangeline lilly, futuristic fashion show, silver hair (ponytail), elize theron, style of kilian eng, cybersyn, exhibition, die antwoord, â€œdiamonds, wearing a black catsuit, 5 5 yo, kate beckinsale, 2017, nagel"
128,shaun_white,54191,"shaun_white, detailed eyes and skin, smiling man in black jacket with white shirt and black jacket, dustin lefevre, he is 3 5 years old, gustavo dore, tf 1, scott adams, in australia, head and shoulders view, holiday season, tiffany dover, white backround, rick astley, in 2 0 1 8, birdeye"
129,audrey_hepburn,13066,"audrey_hepburn, detailed eyes and skin, a black and white photo of a woman in a white dress, young audrey hepburn, instagram photo, white sleeves, smooth in _ the background, official photo portrait, july 2 0 1 1, f 2 4, shoulders, straight neck, linen, pristine and clean, official photos, hd shot, with shoulder pads, closeup portrait shot"
130,billie_eilish,5827,"billie_eilish, detailed eyes and skin, arafed woman with black hair and a necklace with a cross on it, billie eilish, brown hair and large eyes, dressed in black velvet, sydney sweeney, loosely cropped, square, high detal, rick owens, jade"
131,kyrie_irving,4665,"kyrie_irving, detailed eyes and skin, a close up of a basketball player holding a basketball ball, with a beard and a black shirt, looking distracted, dribbling, ğŸ’£ ğŸ’¥ğŸ’£ ğŸ’¥, square, nets, hawkins, gritty image, cgrender, performing, profile picture, center of image"
132,cristiano_ronaldo,11300,"cristiano ronaldo, detailed eyes and skinï¼Œsoccer player in red and green uniform celebrating a goal,  2019 trending photo, square, gettyimages, straw, eora, beautiful and smiling, photo from 2022, port, lÃª long, flag, his arms spread, harry, charles, stats, footage, malika favre, image"
133,elon_musk,54420,"elon_musk, detailed eyes and skin, arafed man in a suit and white shirt smiling for a picture, elon musk portrait, high quality product imageâ€, full image, actors, blue steel, ( ( emma lindstrom ) ), super high resolution, jacqueline e, bamboo, glazed, 45 years old men, peak experience â€, alexa65, 21 years old, highres, aaron fallon"
134,virat_kohli,57285,"virat kohli,detailed eyes and skin, arafed man in white shirt standing in front of a crowd, a portrait of rahul kohli, sad exasperated expression, 2 0 2 2 photo, sports, bat,  white uniform, narendra modi, thumbnail, detailed zoom photo"
135,francesco_totti,57262,"francesco_totti, detailed eyes and skin, araffe soccer player in blue uniform on field with crowd in background, italian, tom hardy, from wikipedia, in a dark green polo shirt, photograph of a sleeve tattoo, aged 2 5, in 2 0 1 5, portrait of a young italian male, glasgow, photos, a photo of a man, a woman, compressed jpeg, luke evans, nationalist"
136,emmanuel_macron,4649,"emmanuel_macron, detailed eyes and skin, arafed man in a suit and tie standing in front of a flag, emmanuel macron, headshot profile picture, catalog photo, 40 years old women, high res photo, high-resolution photo, close up portrait photo, kano), profile photo, detailed zoom photo, album photo, avatar image"
137,ronaldinho,44555,"ronaldinho, detailed eyes and skin, araffe soccer player in blue and red uniform pointing at something, alejandro inarritu, barcelona, a black man with long curly hair, thiago alcantara, [[fantasy]], jesus, performing, celebrity, miro petrov, years old, morning glow, puma, with long dark hair, messi, timeless"
138,marco_reus,38097,"marco_reus, detailed eyes and skin, arafed soccer player in yellow and black uniform standing on field, soccer player timo werner, confident smirk, square, afp, james mccarthy, lewandowski, kano), brook, stÃ¥lenhag, mercedes, deregoue, huhd, rainny, banner, sport"
139,luis_suÃ¡rez,61582,"luis_suÃ¡rez, detailed eyes and skin, araffe man with a beard and a blue shirt on a field, ronaldo nazario, closeup headshot, zayn malik, deteriorated, reflecting, mexican mustache, looking her shoulder, halfing, stunning closeupheadshot, panini, zoomed in, summer 2016, 3 2 - year - old, looking serious, telephoto shot, emotional face shot"
140,manny_pacquiao,8921,"manny_pacquiao, detailed eyes and skin, arafed man with a tattoo on his chest and a belt around his waist, film still of manny pacquiao, ğŸ’£ ğŸ’¥, square jaw, smooth scales, full extremely slim body, 40 years old women, photo taken in 2 0 2 0, he is! about 3 0 years old, dorian cleavanger, lightweight, ice - t, small shoulders"
141,shah_rukh_khan,3160,"shah_rukh_khan, detailed eyes and skin, araffed picture of a man in a suit and tie standing in front of a blue background, shah rukh khan, profile picture, candid picture, actors, uhq, profile pic, sheikh, 2015, online, zido, resting"
142,nikola_tesla,25242,"nikola_tesla, detailed eyes and skin, a black and white photo of a man with a mustache, portrait of nikola tesla, florence harrison, taken in the late 2010s, young male, electric hair, victo nagi, von gogh, 1 male, wikipedia, looking to his left, seven, from waist up, a radiant, reddish, magnificent oval face, color photograph, gandhi"
143,shaquille_oâ€™Neal,37754,"shaquille_oâ€™Neal, detailed eyes and skin, arafed basketball player in orange jersey standing in front of a crowd, shaq, pouty, hoyte van hoytema, profile shot, in 2 0 1 2, gray men, chocolate. rugged, pillar, he wears a big coat, saguaro, professional foto, bald, deteriorated, soap, santa, nets, looking serious, photo - shot"
144,dwyane_wade,21682,"dwyane_wade, detailed eyes and skin, a close up of a basketball player with a beard and a jersey, miami heat colors, he is smiling, roge antonio, bet face, 2 0 2 2 photo, deregoue, 3 6 years old, 2019 trending photo, pristine and clean design, looking to his left, avatar image, confident looking, flat"
145,mohamed_salah,63507,"mohamed_salah, detailed eyes and skin, araffe man with a beard and a black jacket standing in front of a crowd, mo salah, a handsome manï¼Œblack short hair, headshot profile picture, looking serious, short blonde afro, eng kilian, 2019 trending photo, (38 years old), ameera al-taweel, sittin, morning sun, head and shoulders"
146,manuel_neuer,37015,"manuel_neuer, detailed eyes and skin, there is a man that is standing in a soccer field, blue eyes and large forehead, leon tukker, at the world cup, geiger, 30 year old man :: athletic, avatar image, minn, rinat voligamsi, wall, shiny golden, wooden, vladimir krisetskiy, rosen zulu, broad shoulder, munich, "
147,kamala_harris,16807,"kamala_harris, detailed eyes and skin, araffe woman in a black suit speaking into a microphone, stars and stripes, ğŸ’£ ğŸ’¥ğŸ’£ ğŸ’¥, kirchner, the iron lady, photo taken in 2 0 2 0, caramel, hziulquoigmnzhah, facing sideways, official, leader, dark. no text, kali, pexels, stacked image, photograph credit: ap, dusk setting"
148,neymar,3887,"neymar, detailed eyes and skin, arafed man with a tattoo on his chest and a yellow shirt, neymar jr, curly middle part haircut, roguish smirk, 15081959 21121991 01012000 4k, #green, she is 2 3, stunning closeupheadshot, 4 k ]"
149,son_heung-min,25847,"son_heung-min, detailed eyes and skin, araffe sitting on the ground with his legs crossed and his feet crossed, celebrate goal, siwoo kim, white horns, marin kitagawa, london, lying scattered across an empty, popular, wining, former, may 1 0, woo kim"
150,beyoncÃ©_knowles,64479,"beyoncÃ© knowles,detailed eyes and skin, araffed photo of a woman in a blue dress holding a microphone, beyonce giving a concert, glitter gif, photo taken in 2 0 2 0, portrait, lioness, she is dancing. realistic, pexels, power pose, black in"
151,david_beckham,33934,"david_beckham, detailed eyes and skin, arafed man with a beard and a suit sitting in a crowd, david beckham, tweed colour scheme, long swept back blond hair, flickr, strong jawline, checkered spiked hair, 3-piece-suit, wearing track and field suit, photoâ€, unedited, great _ hairstyle, july, celebrity, square, beautiful lady, preppy style, a wooden"
152,brendan_fraser,21619,"brendan_fraser, detailed eyes and skin, arafed man in a blue suit and tie smiling at the camera, brendan fraser, 2019, john lasseter portrait, sean young, headshot profile picture, detailed zoom photo, steve buscemi, john lasseter, steven wiltshire, broadway, greg rutkowski - h 7 6 8, by Robert M. Cunningham, screenwriter, movie announcement"
153,valentino_rossi,29831,"valentino_rossi, detailed eyes and skin, arafed man in a blue leather jacket and cap smiling, akira moto, number 31 on jersey, ğŸ˜ƒğŸ˜€ğŸ˜„â˜ºğŸ™ƒğŸ˜‰ğŸ˜—, leonardo, wallpaper!, volodymyr zelenskyy, villeneuve, with gold teeth, stern look, pete davidson, mechanic, monster, awwwww, innocent look, an elf, jerez"
154,jensen_huang,34428,"jensen_huang, detailed eyes and skin, arafed man in a blue shirt and glasses standing in front of a wall, nvidia geforce, portrait of christy ren, pontifex, in a dark green polo shirt, detailed studio photograph, 4 0 years old man, slightly pixelated, ceo, lei jin, processor, on a dark background, very clear picture, photoshoot"
155,mark_zuckerberg,27813,"mark_zuckerberg, detailed eyes and skin, arafed man in a grey sweater is speaking into a microphone, portrait of mark zuckerberg, 2019, shutterstock, wearing a dark blue polo shirt, detailed zoom photo, very very very rich, by Juan O'Gorman, high resolution image, 1 / 2 headshot, conor walton, former, 30 year old man"
156,colin_kaepernick,17265,"colin_kaepernick, detailed eyes and skin, there is a man with a beard holding a football in his hands, long brown puffy curly hair, body covered in floral tattoos, photograph credit: ap, ğŸ’£ ğŸ’¥ğŸ’£ ğŸ’¥, long black hair in a ponytail, california;, official, extremely handsome, afp, square, pitt, hq â€, big hair, pristine and clean, hyperrealistic â€"
157,david_de_gea,34499,"david_de_gea, detailed eyes and skin, arafed man with a beard and a mustache in a soccer uniform, spain rodriguez, trevor henderson, official photos, no stubble, thumbnail, andro, ap, very clear picture, aaaaaaaaaaaaaaaaaaaaaa, ox, square, knyazev konstantin, jerez, best photo, marcin rubinkowski, 3/4 profile, built"
158,lewis_hamilton,64879,"lewis_hamilton, detailed eyes and skin, arafed man with dreadlocks and a black shirt standing in front of a green screen, f1 cars blurred in background, photo of the year 2 0 2 2, sweaty skin!!, mercedes, 3 2 - year - old, ( ( dark skin ) ), handsome prince, press conference, profile picture 1024px, karolina cummings, leaking"
159,kevin_durant,49838,"kevin_durant, detailed eyes and skin, arafed man holding a basketball in a blue shirt and black shorts, warriors, mkbhd, usa-sep 20, 30 year old man :: athletic, spiky, chambers, practice, kendrick lamar, 1 2 9 7, phoenix warrior, square, oc, we, theron, oct, mario, lenses, firm"
160,harry_kane,8955,"harry_kane, detailed eyes and skin, arafed soccer player in white shirt holding his head in his hands, zuckerberg, taken in 2 0 2 0, receding hairline, dire, steamy, sup, albion, his head is a pear, july, dug stanat, contain, an indifferent face, firm"
161,andres_iniesta,50476,"andres_iniesta, detailed eyes and skin, there is a man with a beard and a white shirt, spain rodriguez, bald with short beard, amaro, europa, round-cropped, miffy, portait image"
162,canelo_alvarez,32433,"canelo_alvarez, detailed eyes and skin, arafed boxer standing in a boxing ring with his hands on his hips, ginger hair with freckles, ğŸ‘° ğŸ‡ âŒ ğŸƒ, crowd hails him, gildhardho, mundy, ğŸ”¥ ğŸ˜ ğŸ•¹ï¸ ğŸ‘€ :2, vale encantado, photo from 2022, abcdefghijklmnopqrstuvwxyz, his arms are behind his back"
163,gareth_bale,38339,"gareth_bale, detailed eyes and skin, arafed soccer player in red jersey with white number 11 on his shirt, chris pine, wales, photo pinterest, square, profile picture, 2019 trending photo, profile pic, rob lee, avatar image, trending photo, 2 0 2 2 photo, profile photo, watch photo, performing, miloÅ¡ zeman, photo photo"
164,adele,61867,"adele, detailed eyes and skin, arafed woman sitting on a couch with a plant in front of her, soccer player antoine griezmann, petra collins and mc. escher, video, dior, in a black hoodie, perfect smile vogue, closeup - view, cannes, she is smiling and happy, 1 / 2 headshot, bridge, adele, live, chaumet, black and yellow tracksuit"
165,magic_johnson,8156,"magic_johnson, detailed eyes and skin, arafed basketball player in a blue jersey holding a basketball, draped in silky purple and gold, mid thirties, finger, photograph credit: ap, 3 2 years old, square, butter, flying shot, wayne barlove, eyes wide, aaron brooks, kezrek, riverside, , philip coles, mammoth, lapel, inspiring, michael mcdonald, afp"
166,giannis_antetokounmpo,59010,"giannis_antetokounmpo, detailed eyes and skin, a close up of a basketball player holding a basketball in his hand, wearing green suit, ğŸŒ²ğŸŒŒ, wearing nba jersey, bouncing, looking sideways, woods, jayison devadas, center view, mittens, center composition, 1 4 9 3, bottom angle, front side full, action shot, 4l, thick lines, right side profile, spiky"
167,charles_koch,5535,"charles_koch, detailed eyes and skin, smiling older man in suit and glasses with trees in background, corduroy, thomas jefferson, on clear background, patrick, square, brick, medium shoot, the president, napa, who, by Alexander Robertson, 8"
168,ed_sheeran,32148,"ed_sheeran, detailed eyes and skin, there is a man with a surprised look on his face, ed sheeran, nadav kander, 2000s photo, headshot photo, wearing a green sweater, close - up studio photo, karolina cummings, restored photo, uhq scan, close up portrait photo, brock hofer, acoustic information, fujicolor photo, gigachad portrait, vertical wallpaper"
169,dwight_howard,32977,"dwight_howard, detailed eyes and skin, arafed basketball player holding a basketball in his right hand, blue shiny eyes, dwight, howard, concentrated look, performing, with blue skin, he is about 30 years old, dribbling, bradley, looking to his side, profile pic, oda non, cranbow jenkins, bad photo, cash, looking hot"
170,brad_pitt,10592,"brad_pitt, detailed eyes and skin, arafed man with a beard and a white shirt smiling, brad pitt, wearing dark grey suit, shoulder - length hair, he is a long boi â€, high res, square masculine facial features, handsome chad chin, beautiful lady, round jawline, brown:-2, loosely cropped, paisley, k high definition, hd â€”h 1024, rapper"
171,sergio_aguero,57540,"sergio_aguero, detailed eyes and skin, arafed man with a beard and a black and white shirt, ronaldo nazario, light blues, staring directly into camera, square, clasps his bangs in one hand, addidas, 1285445247], wearing spiky, closeup shot of face, avatar image, looking away from camera, 2 meters, looking distracted, ğŸ¦‘ design"
172,scottie_pippen,5,"scottie_pippen, detailed eyes and skin, arafed basketball player in red jersey crouching down with ball, ronaldo nazario fenomeno, has a very realistic look to it, long necks, ashteroth, michael jordan, headshot profile picture, he is! about 3 0 years old, 2 0 0 0's photo, edited, that resembles a bull\'s, seductive stare, profile pic"
173,bill_gates,31335,"bill gates, detailed eyes and skin,arafed image of a man in a suit and tie sitting in front of a microphone, portrait shot 8 k, closeup headshot, no watermarks, people watching around, 2017, hyperdetailled, mining, broadshouldered, mooniq priem, proud looking, wrinkled, robin, who, gate, realistoc"
174,marilyn_monroe,32687,"marilyn_monroe, detailed eyes and skin, arafed woman in a white sweater posing for a picture, marilyn monroe, slightly sunny weather, cinestill 5 0 0, 1128x191 resolution, big shoulders, in the hillside, wearing sweater, 1 4 8 0 s, 8 mm film still, eeri, hearts, album, hq â€"
175,steve_jobs,61964,"steve_jobs, detailed eyes and skin, arafed image of a man holding up a white iphone, portrait of steve jobs, handsome man, top 4 0, square, 4 8 0 p, 2011, oct, performing, hziulquoigmnzhah, smiling slightly, father, posed, highresolution, 4:3, bun, smooth!]"
176,larry_bird,4284,"larry_bird, detailed eyes and skin, arafed basketball player standing on the court with his hands on his hips, gary busey, boston celtics, photograph credit: ap, shutterstock, 1984, giant legs, portrait kevin mckidd, Æ’/3.5, associated press, end of an era, ted naismith, nba finals, new hampshire, f/11, bald"
177,xavi_hernÃ¡ndez,64841,"xavi_hernÃ¡ndez, detailed eyes and skin, a close up of a man in a blue jacket and a black jacket, fc barcelona, press conference, ğŸ˜­ ğŸ¤§ ğŸ’”, finely textured, can basdogan, square, teacher, Æ’/5.6, halfing, beans, -n 9, the background is white, circular, 2019 trending photo, concerned, avatar image, profile image"
178,damian_lillard,57562,"damian_lillard, detailed eyes and skin, arafed basketball player with a tattoo on his arm and a black jersey, nba logo, lined up horizontally, portland oregon, round-cropped, square, james clyne, background image, wearing nba jersey, slightly smiling, porcelain, fox, concentrated look, vgbftk, banner, center of picture, profile pic, center of image, lenses"
179,joe_biden,58705,"joe_biden, detailed eyes and skin, arafed image of a man in a suit and tie smiling, joe biden full body portrait, white neck visible, flag, promo image, closeup headshot, group photo, hibited, very clear picture, sharpened, instagram picture, facing front, three - quarter view, portait photo profile picture, diode, headshot profile picture, profile picture, portrait picture"
180,stephen_curry,49959,"stephen_curry, detailed eyes and skin, arafed man with a cross necklace and a beard smiling, nba, he has short curly brown hair, of portrait of justin beber, 4k headshot photography, tall forehead, square, mid 2 0's female, hq, the nba finals, loosely cropped, 2 0 1 7, california;, spherical, front profile, glazed, 4 2 0"
181,kim_jong-un,17009,"kim_jong-un, detailed eyes and skin, arafed man in a suit and tie standing in front of a flag, kim jong un, concentrated look, neck zoomed in, 64x64, front facing view, bun, full shot photograph, he is wearing a black, 8k detail, front facing camera, taken in 2 0 2 0, full device, kim jung-gi, knee"
182,blake_griffin,57697,"blake_griffin, detailed eyes and skin, arafed man in a white jersey with a beard and a black and white shirt, nba, griffin, boke, three quarter profile, brooklyn background, tear, he has short curly brown hair, highlight, rocco, years old, gloss, 2 5 year old, cloese-up, he is wearing a black, 4k photoâ€, brook"
183,warren_buffett,42788,"warren_buffett, detailed eyes and skin, arafed image of a man in a suit and tie with his arms crossed, bernie, super rich, smiling slightly, an elderly, burberry, eyeglasses, fully symmetrical, ğŸ’£ ğŸ’¥, professional picture, Æ’/2.5, realistic'', iu, wall street, james bama, premium quality, botw, profile pic, hard lighting!, the"
184,rihanna,12387,"rihanna, detailed eyes and skin,a close up of a woman wearing a white dress and a necklace, rihanna, screengrab, met gala, tiffany style, full scene shot,  piercings collar, half length shot, 3 2 k huhd, very handsome, big red lips, wearing a low cut tanktop, covered!, video, tumblr, look at that detail!"
185,russell_westbrook,65095,"russell_westbrook, detailed eyes and skin, arafed basketball player in yellow jersey and blue shorts with a white wristband, yellow and purple tones, dwight, wearing nba jersey, 2019 trending photo, lux, real-life brook, background image, straps, lÃª long, february), riverside, stern look, taken in 2 0 2 0, oliver vernon, brook, uhq, yan"
186,dirk_nowitzki,21975,"dirk_nowitzki, detailed eyes and skin, arafed male basketball player holding a basketball in his right hand, long blonde hair and blue eyes, dirk dzimirsky, head bowed slightly, nba, his hair moves with the wind, pouting, sharp photo, uncropped, he is about 40 years old, big arches in the back, tall angle, bad photo, leaking, deep image"
187,aaron_rodgers,62482,"aaron_rodgers, detailed eyes and skin, arafed football player with a helmet and number on his face, aaron rodgers, grinning, 1128x191 resolution, portrait mode, ğŸ¿ğŸ¸ğŸ‹, goatee, july, 15081959 21121991 01012000 4k, success, olivia"
188,tim_duncan,14118,"tim_duncan, detailed eyes and skin, arafed man in a white jersey holding a basketball trophy, arms stretched wide, brook, stars on top of the crown, gonzalez, fury, sparsely populated, fans, he is about 2 5 years old, flag in hands up, pepper, [[fantasy]]"
189,james_rodrÃ­guez,11162,"james_rodrÃ­guez, detailed eyes and skin, araffe soccer player in white shirt standing on field with soccer ball, smiles slightly, slicked-back hair, lewandowski, eloy morales, wearing a tracksuit, 2015, closeup - view, bad looking, starts, uploaded, profile shot, amber, take off, cute looking, february), powder, 1 9 year old, tv still"
190,wilt_chamberlain,59598,"wilt_chamberlain, detailed eyes and skin, there is a man with a mustache and a tank top on, wearing basketball jersey, zoomed out portrait of a duke, david mack, circa 1992, serene smile, photograph credit: ap, perfect crisp sunlight, wyoming, hervÃ© scott flament, mid night, f / 1 1, version 3, hq, gq, waxed, stp"
191,klay_thompson,27599,"klay_thompson, detailed eyes and skin, arafed basketball player in blue uniform trying to block a shot, he has yellow wolf eyes, scott buoncristiano, warriors, ox, rockets, avatar image, uncropped, los angeles 2 0 1 5, profile picture, associated press, goatee, cleary see face, bella, pathetic, facing left, front facing, upwards, facing front, facing right"
192,phil_mickelson,52403,"phil_mickelson, detailed eyes and skin, arafed man in black shirt and gray pants standing on a golf course, gustavo dore, dressed with long fluent clothes, looking partly to the left, skydsgaard, voluminous sleeves, unedited, pictured from the shoulders up, dust around, square, tim, paisley, bay, helmet is off, trending photo, celebrity, full body shot close up"
193,diego_maradona,29187,"diego_maradona, detailed eyes and skin, arafed man holding a trophy in front of a crowd, beautiful face!!!!, diego 5, dribbling, acclaimed masterpiece, finger of god, serene smile, absolutely outstanding image, crisp image, rip, wooden, copper cup, mimmo rottela, waist - shot, cut, shinji, iconic shot, 240p, elegant shot"
194,francoise_bettencourt_meyers,1945,"francoise_bettencourt_meyers, detailed eyes and skin, there is a woman with glasses standing in front of a staircase, with long black hair, photograph credit: ap, elaine benes, sandro bottecelli, judge, actors, on the street, taken in 2022, ferocious appearance, pitt, ultra - quality, glazed, former, politics, catalog photo, victoria, recognizable"
195,conor_mcgregor,4728,"conor_mcgregor, detailed eyes and skin, a close up of a man in a suit and tie standing in a room, conor mcgregor, dmitry prozorov style, journalistic photo, 3-piece-suit, ğŸ’£ ğŸ’¥, wearing robes and neckties, wearing a tracksuit, seen from outside, professional sports style, expressive!!!!!"
196,justin_trudeau,31223,"justin_trudeau, detailed eyes and skin, arafed man in a suit and tie standing in front of a european flag, canada goose, g 7 summit press photos, neck zoomed in, smiling and looking directly, pitt, 2 0 2 0, cartier, by Juan O'Gorman, 4 0 0 mm, tesla, trÃ¨s dÃ©taillÃ©, parliament, huhd, uncrop, mario"
197,kim_kardashian,40444,"kim_kardashian , detailed eyes and skin, arafed image of a woman in a white suit posing for a picture, kim kardashian, in the white house, portrait n - 9, 2 0 7 7, -n9, usa-sep 20, wearing a crop top, actor, closeup photo, benjamin vnuk, 2 0 1 9, fair olive skin, attractive photo, no crop, milf"
198,zlatan_ibrahimovic,50586,"zlatan_ibrahimovic, detailed eyes and skin, there is a man with a beard and a mustache smiling, zoltan, # glazersout, profile image, f50, mid long hair, biopic, slicked-back hair, square, telephoto shot, in 2 0 1 5, soccer, snoop dog, 15081959 21121991 01012000 4k"
199,john_fitzgerald_kennedy,51816,"john_fitzgerald_kennedy, detailed eyes and skin, arafed image of a man in a suit and tie smiling, portrait of john f kennedy, portrait mode, promotional portrait, gettyimages, half - length head portrait, inauguration, pretty pretty face, uhq, promo still, sleek head, looking outside, phot, presidential cross, dad, proud look, colour photograph, profile shot, a face"
