case_number,evaluation_seed,class,prompt
0,26091,Mickey_Mouse,"Mickey_Mouse, cartoon character,,caricature-like,mickey mouse is a cartoon character with a goofy expression, [32k hd]^10, il, ny, arian, smg, author, sharn, 64x64, mulato"
1,9048,Bugs_Bunny,"Bugs_Bunny, cartoon character,,caricature-like,cartoon rabbit laying on the ground with a carrot in its mouth, üòÉüòÄüòÑ‚ò∫üôÉüòâüòó, looney tunes, ferocious appearance, with index finger, grayscale phtoto with red dress, animated, sharply shaped, lipstick, google images, jerry, high school mascot, animated film, fred flintstone eating tamales, 3 dimensional, blank, ribbon"
2,7804,Donald_Duck,"Donald_Duck, cartoon character,,caricature-like,donald duck in uniform waving his arms out, profile picture, customers, dove, media photo, avatar image, bone to bone, genie, goodnight, smiling smugly, falcon, maintenance photo, walking, subject= duck, classy, actors, navy, manual"
3,15058,Scooby-Doo,"Scooby-Doo, cartoon character,,caricature-like,arafed scooby and scooby are standing next to a toy van, detailed image, item, petite, kitbash, pp, boys, fi, dish, tn"
4,29268,Tom_and_Jerry,"Tom_and_Jerry, cartoon character,,caricature-like,cartoon cat laying on the ground with a toy in its paws, tom and jerry, jay leno with gray skin, sky!!!, lesbians, flash on, demo scene, marvel animation, happy!!!, jfk, on grey background, avatar image, male!!!!!!!, western animation, dora the explorer, operation, 1 st winner, filmation animation, 8 h, youtube"
5,10603,Daffy_Duck,"Daffy_Duck, cartoon character,,caricature-like,cartoon character with shadow of a duck in front of a brick wall, daffy duck, uploaded, black!!!!! background, [sirius], rabbt_character, dancing character, subject= duck, long thick shiny black beak, broadway, speedster, racy, crime, phot, tungsten, wop, cash, sittin, screen, mad"
6,6571,Bart_Simpson,"Bart_Simpson, cartoon character,,caricature-like,simpsons is standing in a red shirt and blue shorts, 1930897407, profile picture, kano), uploaded, show, bone, (books), by David Simpson, profile pic"
7,14054,Spongebob_Squarepants,"Spongebob_Squarepants, cartoon character,,caricature-like,cartoon spongebob with a tie and a tie on his chest, [[[[grinning evily]]]], super close up shot, 2 5 6 x 2 5 6 pixels, menger sponge, everyone having fun, late 2000‚Äôs, seaside, backdrop, smiling and looking directly, pentagon, elvis, savannah, starry, bob, professionally done"
8,26251,Charlie_Brown,"Charlie_Brown, cartoon character,,caricature-like,a cartoon of a charlie brown character standing in a yellow shirt, no hair completely bald, brown:-2, serious and stern expression, blond boy, 1666, unhappy, white head, giants, psychopath, nylon, big shoulders, gary, compressed jpeg, sad exasperated expression, brown clothes"
9,22179,Fred_Flintstone,"Fred_Flintstone, cartoon character,,caricature-like,cartoon of a man in a cave with a blue scarf, fred flintstone eating tamales, adult character, beaches, smirking, hziulquoigmnzhah, fox, a character based on a haggis, dokev, 1666, kid, new character, premiere, version 3, profile shot, greedy, macho, wearing a toga"
10,3411,Homer_Simpson,"Homer_Simpson, cartoon character,,caricature-like,cartoon of a man in a white shirt and blue pants, homer simpson, 'white background'!!!, 1285445247], arms extended, mma, smiling, 2 0 5 6 x 2 0 5 6, 4237549348, coal, wikipedia, chicago, lisa simpson wearing braces, hdt, finger"
11,10534,Tweety_Bird,"Tweety_Bird, cartoon character,,caricature-like,yellow bird with blue eyes and a yellow tail, looney tunes, kewpie, 2 5 6 x 2 5 6 pixels, its name is greeny, - i, actress, sassy pose, dove, wikipedia, bob clampett, drake, (winking), petite girl, highly detailded', (vines), ny"
12,25500,Yosemite_Sam,"Yosemite_Sam, cartoon character,,caricature-like,cartoon character with a red beard and a yellow shirt, looney tunes, reddish - brown, lobo, daisy, iroc, big round nose, cowboy, ( land ), cobra, patrick nagle!!!, american, reddish, clover, nylon, emir"
13,346,Road_Runner,"Road_Runner, cartoon character,,caricature-like,cartoon of a road runner and a blue bird running in the desert, sonic looks like he is shocked, kangaroo, hoverboards, subject= duck, actors, close-up fight, 2 0 0 0 s cartoon, subject : kangaroo, cliffside, a picture, deroo, high school, zoomed in, nba, cotw, eyardt, grind"
14,5969,Yogi_Bear,"Yogi_Bear, cartoon character,,caricature-like,cartoon bear with a green tie and a green hat, the jetsons, spy kangaroo, brown body, long ears, sienna, (grin), deer, stp"
15,9524,Woody_Woodpecker,"Woody_Woodpecker, cartoon character,,caricature-like,cartoon character of a bird with a red head and yellow beak, looney tunes, goofy cartoon, goose!!!!!, triumphant pose, calico, patrick nagle!!, (vines), uploaded, profile pic, 2263539546], by Tex Avery, sandman, it's morbin time, with a white background, schools, goodnight, freedom"
16,30911,Sylvester_the_Cat,"Sylvester_the_Cat, cartoon character,,caricature-like,a close up of a cartoon cat with a red nose, looney tunes, black and white fur, triumphant pose, goofy cartoon, (vines), kek, cartoon from the 90's, simple cartoon, actor, cooky, rabbt_character, legendery, elvis, tony the tiger, pink iconic character, black an white, cobra, reddit, recognizable"
17,28532,Foghorn_Leghorn,"Foghorn_Leghorn, cartoon character,,caricature-like,cartoon chicken with speech bubble saying say say i say boy, he is a long boi ‚Äù, large red eyes!!!, photo - shot, bcy. net, college, flamboyant, by Roy De Maistre, eagle logo, rhode island, boys, avatar for website, big size, tx, gay, boy's room, alejandro, profile pic, f 2"
18,5776,Marvin_the_Martian,"Marvin_the_Martian, cartoon character,,caricature-like,marvin the martian cartoon character, (vines), roman centurion, by √Ångel Botello, rating:g, samurai pizza cats, entire character!, a character based on a haggis, robin hood, scholar, [32k hd]^10, by Bertram Brooker, 3156350975, elf"
19,4199,Pepe_Le_Pew,"Pepe_Le_Pew, cartoon character,,caricature-like,cartoon of a skunky cat and a cat in a room, bugs bunny, badger badger, masterpiece!!!!, hug, 64x64, cobra, black, jets, foto, goofy cartoon, up close picture, famous scene, style of cartoon, elvis, vine, famous"
20,17241,Betty_Boop,"Betty_Boop, cartoon character,,caricature-like,betty betty betty betty betty betty betty betty betty betty betty betty betty betty betty betty betty betty betty betty betty, betty boop, 2 5 6 x 2 5 6 pixels, doing a sassy pose, white bg, a tattoo, elvis, 3945074687, wearing red clothes, very romantic, dusty, vsx, vamp, rack"
21,14533,Pink_Panther,"Pink_Panther, cartoon character,,caricature-like,pink panther cartoon character with big eyes and a big smile, üòÉüòÄüòÑ‚ò∫üôÉüòâüòó, with arms bare, ((tiger)), pleading face, meme, bears, hand on cheek, photo high definition, jurgens, waving arms, side fed, coal, uploaded"
22,24303,Peter_Griffin,"Peter_Griffin, cartoon character,,caricature-like,a close up of a cartoon character of a man in a white shirt, she has a jiggly fat round belly, family guy style, 2 5 6 x 2 5 6 pixels, david gilmour, lean man with light tan skin, greens, tight wrinkled cloath, full - body - front - shot, balding, celtic, pig nose, actor"
23,5245,Felix_the_Cat,"Felix_the_Cat, cartoon character,,caricature-like,a close up of a cartoon cat with its arms out, steamboat willy, jdm, [ cosmic, betty boop, wikipedia, looney tunes, icon black and white, smile coy, inspired by Harvey Kurtzman, from sonic, logo, vine, cash, group photo, iu, here's johnny, josh black, uhq, official photo"
24,2474,Mighty_Mouse,"Mighty_Mouse, cartoon character,,caricature-like,mickey mouse flying in the air with a red cape and a yellow shirt, saving the day again, graphic‚Äù, come on, to be, day time, steve, saturday morning cartoon, daniel, pic, hero, sandy, a picture, come, saws, vine, rocky, smokey, sf, 3 pm, ashy, in the morning, picture"
25,25187,Astro_Boy,"Astro_Boy, cartoon character,,caricature-like,cartoon image of a boy in a black shirt and red boots, mega man, betty boop, emerald, [32k hd]^10, 2 5 6 x 2 5 6 pixels, bomberman, manga 1980, captain, premiere, elongated arms, (mist), head shot, jump pose, nylon, pen, kid, nipple"
26,26256,Optimus_Prime,"Optimus_Prime, cartoon character,,caricature-like,a close up of a robot with a white background, optimus prime, 2 5 6 x 2 5 6 pixels, --n 6, john berry, phot, bella, kid a, life. america 2 0 9 8, michael bay, scrap, nba, wide scene, f 1 1, tall thin, a picture, ooak, cr3, kid"
27,18774,Scooby-Doo's_Shaggy,"Scooby-Doo's_Shaggy, cartoon character,,caricature-like,a close up of a cartoon of a man and a woman, shaggy, rescue from the underworld!!!!!!, looking in the mirror, peter, johnny, afraid, cone, movie clip, hziulquoigmnzhah, filmation, doors, crimes, premiere, siliconized, uhq, ((blue)), fog!!!, compressed jpeg, titanium"
28,3765,Inspector_Gadget,"Inspector_Gadget, cartoon character,,caricature-like,cartoon man in a hat and coat holding a magnifying glass, whose mind is pure machinery, close-up!!!!!!, 2 5 6 x 2 5 6 pixels, handcuffs, scientific depiction, jim woodring, hasbro, officer, bisley, algorithm, tungsten, the"
29,11486,Kim_Possible,"Kim_Possible, cartoon character,,caricature-like,cartoon girl with orange hair and green pants holding a guitar, kim possible, wearing cargo pants, spy kids juni cortez, insect trainer girl, alabama, duster, but very good looking‚Äù, celtic, shadow, looks a bit similar to amy adams, alexa65, voodoo‚Äù"
30,32398,Bugs_Bunny's_Lola,"Bugs_Bunny's_Lola, cartoon character,,caricature-like,cartoon rabbit in a yellow shirt and blue shorts sitting in a circle, sonic (series), she is about 1 6 years old, wearing track and field suit, jessica rabbit, uploaded, avatar for website, tony the tiger, 64x64, foto, 9 0 - s, rabbit_bunny, jump, classic beauty, rack, fitness, cartoons, sf"
31,28768,Casper_the_Friendly_Ghost,"Casper_the_Friendly_Ghost, cartoon character,,caricature-like,casper the friendly ghost casperer, comic book's cover, 2 5 6 x 2 5 6 pixels, inspired by Al Feldstein, halloween celebration, sony pictures, group photo, not cropped, flying on the broom, argos, promotional picture, ghostbusters, 2014, animated movie scene, kewpie, on, jump comics, ghosts, left"
32,701,Courage_the_Cowardly_Dog,"Courage_the_Cowardly_Dog, cartoon character,,caricature-like,cartoon dog with a red nose and a black nose and a pink nose, courage the cowardly dog, patrick nagle!!, pink iconic character, confused expression, alabama, dirty rats, gaspar noe, pregnancy, aoc, cockroach character, high school, sugar"
33,13219,Johnny_Bravo,"Johnny_Bravo, cartoon character,,caricature-like,cartoon of a man with a yellow mohawk and sunglasses, johnny bravo, wearing a dark shirt and jeans, small blond goatee, arrow, tight black tanktop, highly_detailded, princess, rotoscoped, 4 arms, quinn, bite, cool pose, fame, dolph lundgren, line sleek, heroengine, blues, spiky"
34,18743,Top_Cat,"Top_Cat, cartoon character,,caricature-like,painting of a cat in a top hat and vest next to a trash can, filmation, a dingo mascot, children's cartoon, ((zerator)), gold, year 1968, on a street, juanmao, scanned in, smirk, a green, emir, tekkon kinkret, daisy, 1961‚Äù, captain"
35,12762,Rocko_(from_Rocko's_Modern_Life),"Rocko_(from_Rocko's_Modern_Life), cartoon character,,caricature-like,a close up of a cartoon dog running with a tennis racket, greg rutkowski and moebius, slice of life‚Äù, bolero, an album cover, woody\'s homework, rabbids at a metal concert, polish, inspired by Malcolm Morley, wolff olins |, wonderous, starts, pools, cd cover artwork, rokoko, thumbnail, oozing"
36,2202,"The_Powerpuff_Girls_(Blossom,_Bubbles,_and_Buttercup)","The_Powerpuff_Girls_(Blossom,_Bubbles,_and_Buttercup), cartoon character,,caricature-like,cartoon girl with red hair and pink dress with big ears, powerpuff girls style, zoomed in, ember, with round cheeks, ribbon, grimes, with big rabbit ears, very grainy, pins, patrick, 64x64, ny, kombi, bubbles ‚Äù"
37,15182,"Rugrats_(Tommy,_Chuckie,_Phil_&_Lil,_Angelica)","Rugrats_(Tommy,_Chuckie,_Phil_&_Lil,_Angelica), cartoon character,,caricature-like,a close up of a toy with a red hair and glasses, nickelodeon, gif, children's cartoon, bubbles ‚Äù, investigation, spike, cin√©matique‚Äù, howard, little kid, having a snack, red and purple coloring, pudgy, we, thinking, movie still, thugs, she"
38,11107,Doug_Funnie,"Doug_Funnie, cartoon character,,caricature-like,cartoon boy with arms up in the air, inspired by Bill Watterson, a bald, hd picture, leg high, chav, vsx, einstein, my favorite friend, inspired by John Opie, uploaded, teenage, celtics, muck, an oldman, carefree"
39,2363,Dexter_(from_Dexter's_Laboratory),"Dexter_(from_Dexter's_Laboratory), cartoon character,,caricature-like,a cartoon book cover of a cartoon character flying through the air, dale keown and van sciver, powerpuff girls style, highly_detailded, cthylla's laboratory!, supersharp photo, chris farley, hamburglar, betty cooper, little kid, diode, cartoon strip, raider, tense, ray, intercrossed, super, interlocked"
40,23575,"The_Fairly_OddParents_(Timmy_Turner,_Cosmo,_Wanda)","The_Fairly_OddParents_(Timmy_Turner,_Cosmo,_Wanda), cartoon character,,caricature-like,cartoon boy with a big smile and a big smile on his face, gravity falls style, head bent back in laughter, clipart, with brown hair, arney freyag, the amazing world of gumball, not cropped, male teenager, video, exploitable image, amazed, no logo, timothy rees, el chavo, thin young male, manual"
41,15679,Avatar_Aang_(from_Avatar:_The_Last_Airbender),"Avatar_Aang_(from_Avatar:_The_Last_Airbender), cartoon character,,caricature-like,avatar avatar avatar avatar avatar avatar avatar avatar avatar avatar avatar avatar avatar avatar avatar avatar avatar avatar avatar avatar avatar avatar avatar avatar avatar avatar avatar avatar avatar avatar avatar avatar, inspired by Gong Xian, standing on a lotus, chilling, standing atop a pile of rubble, one of the weavers of destiny, children's animated films, an epic anime of tuff luck, fast paced"
42,18,Katara_(from_Avatar:_The_Last_Airbender),"Katara_(from_Avatar:_The_Last_Airbender), cartoon character,,caricature-like,avatar avatars of avatar avatar avatar avatar avatar avatar avatar avatar avatar avatar avatar avatar avatar avatar avatar avatar avatar avatar avatar avatar avatar avatar avatar avatar avatar avatar avatar avatar, korra from the legend of korra, children's animated films, 136412351, rating:g, inspired by Sh≈´bun Tensh≈ç, teaser"
43,10318,Sokka_(from_Avatar:_The_Last_Airbender),"Sokka_(from_Avatar:_The_Last_Airbender), cartoon character,,caricature-like,anime character with sword in hand in front of a building, atla, no eyebrows, in a fighting pose, avatar image, profile pic, 2, super serious facial expression, bamboo, frank dillane as puck, pose 4 of 1 6, fighting posture, n7, beautiful avatar pictures, revolutionary, spunky, slide show"
44,5691,Zuko_(from_Avatar:_The_Last_Airbender),"Zuko_(from_Avatar:_The_Last_Airbender), cartoon character,,caricature-like,a close up of a person holding a baseball bat in a fire frame, 1980's anime style, cloisonne, with black hair, fire and flames mane, n9, jungkook, badge, kung fu, beijing, 1 8, pog, elvis, devils, chic, age 2 0, thy, bradley"
45,18083,Spider-Man_(from_Spider-Man:_The_Animated_Series),"Spider-Man_(from_Spider-Man:_The_Animated_Series), cartoon character,,caricature-like,spider - man and the green goblins, super high detail picture, cartoon art, operation, microsoft, uploaded, avatar image, promotional art, peter parker, wolverine, a picture, mario, jets, may)"
46,26177,Batman_(from_Batman:_The_Animated_Series),"Batman_(from_Batman:_The_Animated_Series), cartoon character,,caricature-like,batman the animated animated animated character standing on a building, with thunderstorms, youtube video, 1 9 4 0's, mystical‚Äù, tn, trinity, electric arc, 256x256, obama as batman, by Jim Davis, trailer, superman, inspired by Frank Frazetta, [ theatrical ], lattice, wolverine"
47,23142,Superman_(from_Superman:_The_Animated_Series),"Superman_(from_Superman:_The_Animated_Series), cartoon character,,caricature-like,superman the animated movie, apocolypse, thumbnail, heroic battle scene, futuristic alternate timeline, cartoon image, artemixel, lobo, 1505, pentagon, photos, banner, uploaded, 1/30, online"
48,25896,Goku_(from_Dragon_Ball),"Goku_(from_Dragon_Ball), cartoon character,,caricature-like,a close up of a cartoon of a young gohan, 2 5 6 x 2 5 6 pixels, muscular characters, [32k hd]^10, media photo, actual photo, he is about 4 0 years old, character icon, avatar for website, highly detailed portrait of goku, aaron earley, dr 8 k, mascot, balances, rectangular"
49,26571,Naruto_Uzumaki,"Naruto_Uzumaki, cartoon character,,caricature-like,a close up of a person holding a cell phone near a forest, naruto uzumaki, profile pic, avatar image, he looks like a human minion, portrait n - 9, in black uniform, [[[[grinning evily]]]], star, cr3, sunny day time, iconic character, pulse, :6"
50,13127,Sakura_Haruno_(from_Naruto),"Sakura_Haruno_(from_Naruto), cartoon character,,caricature-like,anime girl with pink hair and green eyes in red top, avatar for website, sakura haruno in slug sage mode, [32k hd]^10, profile image, inspired by Hirosada II, portrait n - 9, discovered photo, f / 1, square, 2 0 0 0's photo, :3"
51,1007,Sasuke_Uchiha_(from_Naruto),"Sasuke_Uchiha_(from_Naruto), cartoon character,,caricature-like,anime character with a bunch of grapes in his hand, sasuke uchiha, [32k hd]^10, foam, gray, but very good looking‚Äù, n9, ‚Äú anime, shirow masamune, inspired by Edo Murtiƒá, seven"
52,4496,"One_Piece_(Monkey_D._Luffy,_Roronoa_Zoro,_Nami,_Usopp,_Sanji,_Chopper)","One_Piece_(Monkey_D._Luffy,_Roronoa_Zoro,_Nami,_Usopp,_Sanji,_Chopper), cartoon character,,caricature-like,a picture of a man with a sword and a helmet, anime tribal boy with long hair, on clear background, caracter with brown hat, capoeira, 2 d digital, with hand crossbow, scrap, rune factory 5, n 6, rasta, anime figurine, photoshoped, a muscular, 6, ferret warrior, chinese, akali"
53,5909,Sam_and_Max,"Sam_and_Max, cartoon character,,caricature-like,cartoon rabbit standing in front of a window with a dog, from sam and max, rescue from the underworld!!!!!!, security agent, blender, closeup!!!!!!, with two characters, psx, online, easter, hot hot hot, waving, judge, subway, haunted, closeup!!!!!, the white rabbit, profile pic, silver, cutscene, bob, cowboy"
54,18644,"The_Teenage_Mutant_Ninja_Turtles_(Leonardo,_Donatello,_Michelangelo,_Raphael)","The_Teenage_Mutant_Ninja_Turtles_(Leonardo,_Donatello,_Michelangelo,_Raphael), cartoon character,,caricature-like,teenage mutant turtles standing in a line with their weapons, 2 5 6 x 2 5 6 pixels, 2 0 1 0 photo, poppy, pillar, ian, dna, sage, foto, charactor, hgtv, cutout, michael angelo, 1/400, pooka, photo‚Äù, performing, amazon"
55,22812,"The_Jetsons_(George,_Jane,_Judy,_Elroy,_Astro)","The_Jetsons_(George,_Jane,_Judy,_Elroy,_Astro), cartoon character,,caricature-like,cartoon of a man with a mustache and a shirt on, the jetsons, fry, side pose, jerma, 2 d cartoon, abcdefghijklmnopqrstuvwxyz, bulbous, drawn image, spongebob, pinocchio, ta ha, ivy, alabama, detailed ¬ª"
56,22772,Josie_and_the_Pussycats,"Josie_and_the_Pussycats, cartoon character,,caricature-like,a close up of a poster of a group of women with guitars, planet of the cats, sexy movie photo, 2 5 6 x 2 5 6 pixels, ponytails, mtv, panasonic, doing a sassy pose, blur:-1, sony pictures, dvd, gustav, white ( cat ) girl, screw, cory, dirty"
57,18121,He-Man_(from_Masters_of_the_Universe),"He-Man_(from_Masters_of_the_Universe), cartoon character,,caricature-like,a close up of a cartoon of a man with a beard and a helmet, anime movie screenshot, portrait of he - man, avatar with a blond hair, muscular!! sci-fi, 2070s, premiere, muscular! fantasy, gi joe, famous scene"
58,14830,She-Ra_(from_She-Ra:_Princess_of_Power),"She-Ra_(from_She-Ra:_Princess_of_Power), cartoon character,,caricature-like,a close up of a cartoon of a woman in a costume, she-ra, group photo, ari aster, still image from tv series, uhq, heroic scene, hgtv, 2029, sea queen, battle ready, daniel, pop culture, pearl, [ theatrical ], video, superhero from the boys tv show, stick, glimmering"
59,12748,"ThunderCats_(Lion-O,_Cheetara,_Tygra,_Panthro,_WilyKit,_and_WilyKat)","ThunderCats_(Lion-O,_Cheetara,_Tygra,_Panthro,_WilyKit,_and_WilyKat), cartoon character,,caricature-like,a close up of a cartoon character with a red hair, filmation, speedo, 2 d full body lion, gold body, thunderstom, neoprene, ax, 256x256, middle aged balding superhero, sleeveless, twink, head and torso only, christian, unibrow, mascot, male with halo"
60,29803,"The_Smurfs_(Papa_Smurf,_Smurfette,_Brainy_Smurf,_Jokey_Smurf,_etc)","The_Smurfs_(Papa_Smurf,_Smurfette,_Brainy_Smurf,_Jokey_Smurf,_etc), cartoon character,,caricature-like,cartoon character with a gift box, smurf, wikimedia commons, natgeo, oct, minn, help, presents, left, leonardo, nes, recipe, awards, bernie, joy, melbourne, gif, symbol, hasbro, boys, üí£ üí•, memphis, holiday season, doodad, kids, toys, muck"
61,26473,The_Snorks,"The_Snorks, cartoon character,,caricature-like,cartoon characters of various ages and ages are depicted in this picture, squids, pink white and green, preston blair, gumdrop bunnies, yoshitaka, 6 claws, fruit, childhood, character design sheet, case, ( ( ( alien ) ) ), viral image, war of colorss, rugrats, on old paper, crab, my rendition"
62,304,"The_Care_Bears_(Tenderheart_Bear,_Cheer_Bear,_Grumpy_Bear,_Good_Luck_Bear,_etc)","The_Care_Bears_(Tenderheart_Bear,_Cheer_Bear,_Grumpy_Bear,_Good_Luck_Bear,_etc), cartoon character,,caricature-like,pink bear with rainbow on chest jumping in the air, fanpop, this character has cryokinesis, cnn, ::, 1 9 8 9, cutout, 136412351, laugh, arbor, bella, michael kors, rating:g, chicago, walls, cherry, half turned around, paul davey, islamic, carefree, thomas"
63,17111,Rainbow_Brite,"Rainbow_Brite, cartoon character,,caricature-like,cartoon girl with blonde hair and rainbow shoes, from the 8 0 s, dwarf, „Åë„ÇÇ„ÅÆ, a brightly coloured, :6, ranger, perfect coloring, ( ( ( rainbow ) ) ), sandy, 3 colour, torri, multi - coloured, brightly colored"
64,11471,"My_Little_Pony_(Twilight_Sparkle,_Rainbow_Dash,_Pinkie_Pie,_Applejack,_Rarity,_Fluttershy)","My_Little_Pony_(Twilight_Sparkle,_Rainbow_Dash,_Pinkie_Pie,_Applejack,_Rarity,_Fluttershy), cartoon character,,caricature-like,a group of pony characters standing in a field with trees, 3278750727, pink iconic character, gif, with two characters, 2717433015, exploitable image, anthropomorphic mare, neighborhood, on clear background, bottom viewa, trinity, üåªüéπüéº, sallon, twilight ray"
65,26681,"Jem_and_the_Holograms_(Jem,_Aja,_Kimber,_Shana,_Raya)","Jem_and_the_Holograms_(Jem,_Aja,_Kimber,_Shana,_Raya), cartoon character,,caricature-like,arafed image of a group of women in costume with guitars, 8 0 s game box art, barbie cyborg, 2 5 6 x 2 5 6 pixels, wallpapers, ( ( ( rainbow ) ) ), vixen, pose 4 of 1 6, beautiful‚Äù"
66,6977,"Alvin_and_the_Chipmunks_(Alvin,_Simon,_Theodore)","Alvin_and_the_Chipmunks_(Alvin,_Simon,_Theodore), cartoon character,,caricature-like,alvin the chipmunz wallpapers, 3 d icon for mobile game, little boy, profile pic, in style of kyrill kotashev, avatar image, paw patrol, shaggy, super detailed image, chucky style, abcdefghijklmnopqrstuvwxyz, upper body avatar, ny"
67,4743,"Transformers_(Megatron,_Bumblebee,_Starscream,_etc)","Transformers_(Megatron,_Bumblebee,_Starscream,_etc), cartoon character,,caricature-like,a close up of a robot with a purple background, !! takeshi amano!!, transformer, 256x256, character album cover, harmony of, transforming, grey metal body, alternate album cover, very very low quality picture, [sirius], prime, proportional image, kirokaze and paul robertson, single solid body, neo"
68,19284,The_Tick,"The_Tick, cartoon character,,caricature-like,a close up of a button with a tick on it, vtuber, white and orange, picsart, profile image, list, victo, square, complete body view, rocket, watermark:-1, v, best logo, uploaded, phone, plan, victoria, simplistic, 2012, clear photo, no repeat, by artist"
69,22280,"Gargoyles_(Goliath,_Demona,_Broadway,_Brooklyn,_Lexington,_Hudson,_Elisa_Maza)","Gargoyles_(Goliath,_Demona,_Broadway,_Brooklyn,_Lexington,_Hudson,_Elisa_Maza), cartoon character,,caricature-like,cartoon of a man and woman shaking hands in front of a dragon, screenshot from morbius (2022), gargoyles, sassy pose, inspired by Tim and Greg Hildebrandt, michael jackson moon dance, ! movie scene, teenage girl riding a dragon, hunchback, dolman, screen, mothman, [epic, a humanoid mosquito wolf"
70,7668,Pinky_and_the_Brain,"Pinky_and_the_Brain, cartoon character,,caricature-like,cartoon characters of a cat and a mouse standing next to each other, ren and stimpy style, movie screenshot, avatar image, video, white fox anime, clone laboratory, inspired by Peggy Bacon, red nose, modeled, biting, blank, betty boop, test, older male, looney tunes, vdovenko, theft, warp"
71,16888,Darkwing_Duck,"Darkwing_Duck, cartoon character,,caricature-like,cartoon image of a duck dressed in a purple coat and hat, supervillain, subject= duck, abcdefghijklmnopqrstuvwxyz, falcon, charactor, penguin, giraud!!, 8 –∫, daisy, game, he is wearing a trenchcoat, disney!!, online, bone, 2 5 6 x 2 5 6 pixels"
72,16393,"TaleSpin_(Baloo,_Kit_Cloudkicker,_Rebecca_Cunningham,_Don_Karnage)","TaleSpin_(Baloo,_Kit_Cloudkicker,_Rebecca_Cunningham,_Don_Karnage), cartoon character,,caricature-like,cartoon of a little girl dressed in a purple dress and a blue bow, head of a bear, filmation, tufty whiskers, with a bright yellow aureola, granville chandor, (smoke), smug look, [[[[grinning evily]]]], close up details, official screenshot, miniature bear, piglet, rococo"
73,29017,"DuckTales_(Scrooge_McDuck,_Huey,_Dewey,_Louie)","DuckTales_(Scrooge_McDuck,_Huey,_Dewey,_Louie), cartoon character,,caricature-like,cartoon characters on a cartoon book cover with money coming out of it, subject= duck, 1980s comic book panel, by Carl Barks, 256x256, mining, gondola, superbowl, spielberg, azulejo, gildhardho, card, bard, 1980 manga, lipkin, take off"
74,24712,The_Ren_and_Stimpy_Show,"The_Ren_and_Stimpy_Show, cartoon character,,caricature-like,cartoon characters of a dog and a cat with a caption of ren and strafy, ren and stimpy, 2 5 6 x 2 5 6, randy bishop, logo, slimey, pc boxart, 1 0 / 1 0 comedy, promo poster, rengen, detailed ¬ª, rum, „Ç¢„Éã„É°, ( rembrandt ), cartoon network, logos"
75,31695,Cow_and_Chicken,"Cow_and_Chicken, cartoon character,,caricature-like,cartoon cow with a pink nose and brown tail, yellow rat pig, close-up!!!!!!, wearing a bunny suit, tpose, 144p, star butterfly, wikimedia, looking from side!, patrick nagle!!!, animated, fat cat, comicbook, ( 3 1, moomin, islamic, cone, 2 5 6 x 2 5 6 pixels"
76,15943,The_Angry_Beavers,"The_Angry_Beavers, cartoon character,,caricature-like,cartoon picture of a cat and dog in a circle with a dog in the background, huge spikey teeth, ren and stimpy, zoomed in, brown ) ), two characters, serious cartoon, cockroach character, cga, tag, cartoon network, actors, keygen, scrap, profile shot, kobold, thugs, cartoon character, dreamworks"
77,22260,The_Wild_Thornberrys,"The_Wild_Thornberrys, cartoon character,,caricature-like,cartoon characters of people standing in a park with a tree, from the hit 9 0 s tv show, wild jungle, cd cover artwork, closeup!!!!!!, promotional photo, mud, family guy style, morning sunrise, voodoo‚Äù, adventuring, she, zoomed in, biting, in front of the house, wallpapers, children, fishing, by Hanna-Barbera"
78,30071,Invader_Zim,"Invader_Zim, cartoon character,,caricature-like,cartoon image of a man with a pink nose and a green head, monstrous ant, invader zim, whip, very excited, contorted, scrap, profile picture, uploaded, by Robert Childress, dancing character, cobra, cherry, waste, (grin), ny, frida, pam, detailed -4, hamburglar, cut, cr3, phone"
79,30193,Rocket_Power,"Rocket_Power, cartoon character,,caricature-like,cartoon characters of a man and a woman with a rocket power sign, big!!!!!!!!!!!!, boys, rk post, - 6, pic, -4"
80,1792,Hey_Arnold!,"Hey_Arnold!, cartoon character,,caricature-like,cartoon characters are gathered on the steps of a building, still image from tv series, in school hallway, by Greg Spalenka, promotional image, in a basement, closeup - view, sitting down, highdetaild, fans, like bebop, elevator, slide show, martine, 4 legs, oceanside, 2040, uhq, mohawk"
81,31586,Captain_America_(Steven_Rogers),"Captain America (Steven Rogers), is about to throw his shield towards the enemies, detailed characteristics, full-body with signature costume, 4K"
82,7619,"Wolverine_(James_Logan_Howlett)","Wolverine (James \""Logan\"" Howlett), with his claws crossed, detailed characteristics, full-body with signature costume, 4K"
83,16896,"Iron_Man_(Anthony_Tony_Stark)","Iron Man (Anthony \""Tony\"" Stark), is flying while preparing to fire a strike of laser beam, detailed characteristics, full-body with signature costume, 4K"
84,4427,Thor_(Thor_Odinson),"Thor (Thor Odinson), with his hammer covered with flashlight, detailed characteristics, full-body with signature costume, 4K"
85,25078,Hulk_(Robert_Bruce_Banner),"Hulk (Robert Bruce Banner), is destroying constructions, detailed characteristics, full-body with signature costume, 4K"
86,14442,Susan_Storm,"Susan Storm, is executing her mission of probing, detailed characteristics, full-body with signature costume, 4K"
87,15068,Ororo_Munroe,"Ororo Munroe, is about to release a tremendous thunderstorm, detailed characteristics, full-body with signature costume, 4K"
88,20691,Matthew_Murdock,"Matthew Murdock, plead guilty, detailed characteristics, full-body with signature costume, 4K"
89,27028,Stephen_Strange,"Stephen Strange, is opening portals using his magic, detailed characteristics, full-body with signature costume, 4K"
90,23140,John_Jonah_Jameson,"John Jonah Jameson, is thinking about writing a negative report against Spider Man, detailed characteristics, full-body with signature costume, 4K"
91,637,Warren_Worthington_III,"Warren Worthington III, is diving with his wings spreading wide, detailed characteristics, full-body with signature costume, 4K"
92,17258,Jean_Grey,"Jean Grey, possessed by the Phoenix Force, detailed characteristics, full-body with signature costume, 4K"
93,16269,Black_Widow_(Natalia_Romanova),"Black Widow (Natalia Romanova), is performing her role of an assasin, detailed characteristics, full-body with signature costume, 4K"
94,18827,Vision,"Vision, from Marvel Universe is floating in the air and ready to shot beams with his eyes, detailed characteristics, full-body with signature costume, 4K"
95,6095,Green_Lantern_(Hal_Jordan),"Green Lantern (Hal Jordan), is creating something with lantern holding in the other hand, detailed characteristics, full-body with signature costume, 4K"
96,26144,Richard_Grayson,"Richard Grayson, returns to Gotham, detailed characteristics, full-body with signature costume, 4K"
97,22412,Wonder_Woman_(Diana_Prince),"Wonder Woman (Diana Prince), is protecting herself with shield as well as attacking with whip, detailed characteristics, full-body with signature costume, 4K"
98,4982,Aquaman_(Arthur_Curry),"Aquaman (Arthur Curry), is holding his trident, detailed characteristics, full-body with signature costume, 4K"
99,11697,Flash_(Barry_Allen),"Flash (Barry Allen), is running fast, detailed characteristics, full-body with signature costume, 4K"
